{
"type": "FeatureCollection",
"name": "example_aoi",
"crs": { "type": "name", "properties": { "name": "urn:ogc:def:crs:OGC:1.3:CRS84" } },
"features": [
{ "type": "Feature", "properties": { "JURSCODE": "CARO", "ACCTID": "0604004477", "DIGXCORD": 494614.1, "DIGYCORD": 126747.4, "CT2020": "24011955500", "BG2020": "240119555001", "GEOGCODE": "82", "OOI": "N", "RESITYP": "SF", "ADDRESS": "22909 LYN OAKS DR", "STRTNUM": "22909", "STRTDIR": null, "STRTNAM": "LYN OAKS", "STRTTYP": "DR", "STRTSFX": null, "STRTUNT": null, "ADDRTYP": "P", "CITY": "PRESTON", "ZIPCODE": "21655", "OWNNAME1": "HARRIS MARILYN F", "OWNNAME2": null, "NAMEKEY": "HARRIS MARILYN F", "OWNADD1": "114 RELIANCE AVE", "OWNADD2": null, "OWNCITY": "FEDERALSBURG", "OWNSTATE": "MD", "OWNERZIP": "21632", "OWNZIP2": null, "PREMSNUM": "22909", "PREMSDIR": null, "PREMSNAM": "LYN OAKS", "PREMSTYP": "DR", "PREMCITY": null, "PREMZIP": null, "PREMZIP2": null, "LEGAL1": "IMPS2.00 AC L-1", "LEGAL2": "S/S LYN-OAKS DRIVE", "LEGAL3": "NW OF HARMONY", "DR1CLERK": null, "DR1LIBER": "01119", "DR1FOLIO": "0411", "TOWNCODE": null, "DESCTOWN": null, "SUBDIVSN": null, "DSUBCODE": null, "DESCSUBD": null, "PLAT": "6 133", "PLTLIBER": null, "PLTFOLIO": null, "SECTION": null, "BLOCK": null, "LOT": "1", "MAP": "0041", "GRID": "0008", "PARCEL": "0160", "ZONING": "R", "ZNCHGDAT": null, "RZREALDAT": null, "CIUSE": null, "DESCCIUSE": null, "EXCLASS": null, "DESCEXCL": null, "LU": "R", "DESCLU": "Residential", "ACRES": 2.0, "LANDAREA": 2.0, "LUOM": "A", "WIDTH": 0.0, "DEPTH": 0.0, "PFUW": "0", "PFUS": "2", "PFLW": null, "PFSP": "0", "PFSU": "0", "PFIC": null, "PFIH": "0", "RECIND": "0", "PERMITTYP": null, "YEARBLT": "1999", "SQFTSTRC": 1676, "STRUGRAD": "4", "DESCGRAD": "Codes range from lowest to highest quality 1-9", "STRUCNST": "0001", "DESCCNST": "CNST Siding", "STRUSTYL": "0001", "DESCSTYL": "STRY 1 Story No Basement", "STRUBLDG": "0001", "DESCBLDG": "DWEL Standard Unit", "LASTINSP": "202101", "LASTASSD": "202101", "ASSESSOR": "0612", "TRANSNO1": "14658", "GRNTNAM1": "KRUPKA JOSHUA C", "GR1CLRK1": "FDM", "GR1LIBR1": "00873", "GR1FOLO1": "0143", "CONVEY1": "1", "TRADATE": "20140813", "CONSIDR1": 231250, "MORTGAG1": 0, "NFMLNDVL": 75000, "NFMIMPVL": 146500, "NFMTTLVL": 221500, "CRTARCOD": null, "FCMACODE": null, "AGFNDAREA": 0.0, "AGFNDLUOM": null, "ENTZNDAT": null, "ENTZNASSM": 0, "PLNDEVDAT": null, "NPRCTSTDAT": null, "NPRCAREA": 0.0, "NPRCLUOM": null, "HOMQLCOD": null, "HOMQLDAT": null, "BLDG_STORY": null, "BLDG_UNITS": 0, "RESIDENT": 1, "RESI2010": 0, "RESI2000": 0, "RESI1990": 1, "RESIUTHS": 0, "APRTMENT": 0, "TRAILER": 0, "SPECIAL": 0, "OTHER": 1, "PTYPE": 2, "SDATWEBADR": "https://sdat.dat.maryland.gov/RealProperty/Pages/viewdetails.aspx?County=06&SearchType=ACCT&District=04&AccountNumber=004477", "EXISTING": "UPDT2017_18", "MDPVDATE": "2020JUN", "SDATDATE": "2022OCT", "POLYDATE": "2021OCT", "POLYACRES": 1.742, "POLYID": "06-0000000007982" }, "geometry": { "type": "MultiPolygon", "coordinates": [ [ [ [ -75.910208930526352, 38.803293845704744 ], [ -75.910118180960524, 38.803113499396524 ], [ -75.91079748208341, 38.80297684863222 ], [ -75.911083222098128, 38.802919361244996 ], [ -75.911439073214368, 38.803528719316951 ], [ -75.911044532472957, 38.803654707050526 ], [ -75.910743289870823, 38.803751626936254 ], [ -75.910485507126353, 38.803843447235828 ], [ -75.910208930526352, 38.803293845704744 ] ] ] ] } },
{ "type": "Feature", "properties": { "JURSCODE": "CARO", "ACCTID": "0604016513", "DIGXCORD": 494537.5, "DIGYCORD": 126699.1, "CT2020": "24011955500", "BG2020": "240119555001", "GEOGCODE": "82", "OOI": "H", "RESITYP": "SF", "ADDRESS": "6976 BELL CREEK ROAD", "STRTNUM": "6976", "STRTDIR": null, "STRTNAM": "BELL CREEK", "STRTTYP": "RD", "STRTSFX": null, "STRTUNT": null, "ADDRTYP": "P", "CITY": "PRESTON", "ZIPCODE": "21655", "OWNNAME1": "CALLOWAY JONATHAN N", "OWNNAME2": "CALLOWAY DENEEN A", "NAMEKEY": "CALLOWAY JONATHAN N", "OWNADD1": "6976 BELL CREEK RD", "OWNADD2": null, "OWNCITY": "PRESTON", "OWNSTATE": "MD", "OWNERZIP": "21655", "OWNZIP2": "1829", "PREMSNUM": "6976", "PREMSDIR": null, "PREMSNAM": "BELL CREEK", "PREMSTYP": "RD", "PREMCITY": "PRESTON", "PREMZIP": "21655", "PREMZIP2": null, "LEGAL1": "IMPS8.2AC", "LEGAL2": "OFF GILPINS POINT ROAD", "LEGAL3": "NW OF HARMONY", "DR1CLERK": "FDM", "DR1LIBER": "00386", "DR1FOLIO": "0190", "TOWNCODE": null, "DESCTOWN": null, "SUBDIVSN": null, "DSUBCODE": null, "DESCSUBD": null, "PLAT": null, "PLTLIBER": "0000023", "PLTFOLIO": "0077", "SECTION": null, "BLOCK": null, "LOT": null, "MAP": "0041", "GRID": "0008", "PARCEL": "0002", "ZONING": "R", "ZNCHGDAT": null, "RZREALDAT": null, "CIUSE": null, "DESCCIUSE": null, "EXCLASS": null, "DESCEXCL": null, "LU": "R", "DESCLU": "Residential", "ACRES": 8.2, "LANDAREA": 8.2, "LUOM": "A", "WIDTH": 0.0, "DEPTH": 0.0, "PFUW": "0", "PFUS": "2", "PFLW": "1", "PFSP": "0", "PFSU": "0", "PFIC": null, "PFIH": "0", "RECIND": "0", "PERMITTYP": null, "YEARBLT": "1943", "SQFTSTRC": 1572, "STRUGRAD": "3", "DESCGRAD": "Codes range from lowest to highest quality 1-9", "STRUCNST": "0002", "DESCCNST": "CNST Frame", "STRUSTYL": "0001", "DESCSTYL": "STRY 1 Story No Basement", "STRUBLDG": "0001", "DESCBLDG": "DWEL Standard Unit", "LASTINSP": "202101", "LASTASSD": "202101", "ASSESSOR": "0612", "TRANSNO1": "383", "GRNTNAM1": "OGLETREE, HEIDI", "GR1CLRK1": "FDM", "GR1LIBR1": "00233", "GR1FOLO1": "0462", "CONVEY1": "1", "TRADATE": "20000526", "CONSIDR1": 203000, "MORTGAG1": 162400, "NFMLNDVL": 299400, "NFMIMPVL": 99900, "NFMTTLVL": 399300, "CRTARCOD": null, "FCMACODE": null, "AGFNDAREA": 0.0, "AGFNDLUOM": null, "ENTZNDAT": null, "ENTZNASSM": 0, "PLNDEVDAT": null, "NPRCTSTDAT": null, "NPRCAREA": 0.0, "NPRCLUOM": null, "HOMQLCOD": null, "HOMQLDAT": null, "BLDG_STORY": null, "BLDG_UNITS": 0, "RESIDENT": 1, "RESI2010": 0, "RESI2000": 0, "RESI1990": 0, "RESIUTHS": 0, "APRTMENT": 0, "TRAILER": 0, "SPECIAL": 0, "OTHER": 1, "PTYPE": 2, "SDATWEBADR": "https://sdat.dat.maryland.gov/RealProperty/Pages/viewdetails.aspx?County=06&SearchType=ACCT&District=04&AccountNumber=016513", "EXISTING": "UPDT2017_18", "MDPVDATE": "2020JUN", "SDATDATE": "2022OCT", "POLYDATE": "2021OCT", "POLYACRES": 7.53, "POLYID": "06-0000000008908" }, "geometry": { "type": "MultiPolygon", "coordinates": [ [ [ [ -75.911506985202323, 38.803655319037617 ], [ -75.911439073214368, 38.803528719316951 ], [ -75.911083222098128, 38.802919361244996 ], [ -75.910570010972691, 38.801943201962715 ], [ -75.910501270678481, 38.801932298706106 ], [ -75.910231669784849, 38.801929781126496 ], [ -75.910095534474834, 38.801913383232929 ], [ -75.909549250096163, 38.801702536880306 ], [ -75.908828941160621, 38.801575810017347 ], [ -75.908456625737202, 38.801411721179015 ], [ -75.908258704264455, 38.801317489441438 ], [ -75.908031237048405, 38.801115014896574 ], [ -75.907910789950662, 38.800925767032084 ], [ -75.907851492717299, 38.800832696793073 ], [ -75.907610164021705, 38.800576919477749 ], [ -75.907367625027121, 38.800258858862627 ], [ -75.906924813824858, 38.799629726696928 ], [ -75.90683301028632, 38.799509332846391 ], [ -75.906981695990311, 38.799440246939582 ], [ -75.907023246224952, 38.799481609905129 ], [ -75.907044917239858, 38.799503182673568 ], [ -75.907077596612936, 38.79954193094585 ], [ -75.907110532622482, 38.799578204087751 ], [ -75.907122789326138, 38.799591292106946 ], [ -75.907144139925293, 38.7996172583346 ], [ -75.907197281841789, 38.799670793094791 ], [ -75.907226224986502, 38.799696397974756 ], [ -75.907248963804449, 38.799714404059564 ], [ -75.907266974809204, 38.799723870207693 ], [ -75.9072917323859, 38.79973634553518 ], [ -75.907314161556371, 38.799750510796827 ], [ -75.90734075257491, 38.7997718322788 ], [ -75.907370880719483, 38.799798250035366 ], [ -75.907395703393163, 38.799820023422718 ], [ -75.907437673565227, 38.799854281924127 ], [ -75.907500836677741, 38.799909775274024 ], [ -75.907547196431409, 38.799951363259801 ], [ -75.907599071714614, 38.799997417361254 ], [ -75.907628557335059, 38.800044036620704 ], [ -75.907621355159748, 38.800048987306958 ], [ -75.907618543010443, 38.800055961111404 ], [ -75.907626231142189, 38.800076456894907 ], [ -75.907638406695, 38.800094111751051 ], [ -75.90765237396819, 38.800109035579929 ], [ -75.907681947737728, 38.800134078667512 ], [ -75.907710733311845, 38.800154952128551 ], [ -75.907738001699329, 38.800176414994887 ], [ -75.907760180821413, 38.800198668069037 ], [ -75.907777031828672, 38.800221519925429 ], [ -75.907789838196763, 38.800241595129357 ], [ -75.907812986979337, 38.800270460996884 ], [ -75.907830671950663, 38.800286960171412 ], [ -75.907860204708925, 38.800308669432219 ], [ -75.907887957249272, 38.800327839453352 ], [ -75.907939038136334, 38.800361119956477 ], [ -75.908003979913872, 38.800396710377278 ], [ -75.908052416298943, 38.800422236206238 ], [ -75.908077232723187, 38.800435405619666 ], [ -75.908110266832324, 38.800453264625531 ], [ -75.908134599581416, 38.800471717887525 ], [ -75.90814477312621, 38.800484029530416 ], [ -75.90814558768318, 38.800516614337731 ], [ -75.908128975204576, 38.800544441391715 ], [ -75.908104163349677, 38.800576173772264 ], [ -75.90808487786785, 38.800604128962711 ], [ -75.908071690447827, 38.800627060039886 ], [ -75.908056976590643, 38.800673031315462 ], [ -75.908056892397212, 38.800705661767253 ], [ -75.908069945670675, 38.800742739565194 ], [ -75.908097058600035, 38.800781930948283 ], [ -75.908116629170635, 38.800802375722647 ], [ -75.908142029551186, 38.800817271337451 ], [ -75.908170709080096, 38.800825521830056 ], [ -75.908198448875737, 38.80083047517298 ], [ -75.90822259918707, 38.800835259786005 ], [ -75.908248122059945, 38.800848922266219 ], [ -75.908255319796552, 38.800866116056369 ], [ -75.908253262150936, 38.800890772939098 ], [ -75.908238032522007, 38.80091625254169 ], [ -75.908223298711576, 38.800939421423109 ], [ -75.908216069879359, 38.800961183020021 ], [ -75.908216247982637, 38.80098870772099 ], [ -75.90822427631916, 38.801024630353112 ], [ -75.908234230837735, 38.801059570988315 ], [ -75.908251217698023, 38.801095406264331 ], [ -75.908277209556658, 38.801128866285197 ], [ -75.908303305547363, 38.801152498262852 ], [ -75.908321352571249, 38.801167928653214 ], [ -75.908349420467019, 38.801185326700647 ], [ -75.908390754055745, 38.801203308313148 ], [ -75.90842672909514, 38.801210311651715 ], [ -75.908454696175468, 38.801212456195231 ], [ -75.90849542088408, 38.801211512804841 ], [ -75.90853940177405, 38.80120919442696 ], [ -75.908587631623647, 38.801206834692671 ], [ -75.908661342126564, 38.801203578102786 ], [ -75.908690989835748, 38.801204233775984 ], [ -75.908748225769315, 38.80121073314276 ], [ -75.908787177831471, 38.801224088652553 ], [ -75.908809602642336, 38.801243866292147 ], [ -75.908814799035213, 38.801263960302187 ], [ -75.908805428619061, 38.801284233410477 ], [ -75.908798293209856, 38.801304410299821 ], [ -75.908796819571535, 38.801330793402904 ], [ -75.908805470872252, 38.801349316089102 ], [ -75.908831970163547, 38.80137520401076 ], [ -75.908871915467941, 38.80139816355085 ], [ -75.908937259131676, 38.801413558621135 ], [ -75.908986890418404, 38.801417446174071 ], [ -75.909033602899555, 38.801415693699944 ], [ -75.90907382511709, 38.801408457004371 ], [ -75.909098429356504, 38.801399362538611 ], [ -75.90912701908691, 38.801384107015224 ], [ -75.909149801407963, 38.80136614849598 ], [ -75.909175127718598, 38.801343691148908 ], [ -75.909205672221518, 38.80132482318303 ], [ -75.909232272299349, 38.801315459053207 ], [ -75.909266955874003, 38.801309026388047 ], [ -75.909286792818563, 38.80130752710005 ], [ -75.909330605535715, 38.801311702466698 ], [ -75.909364859570545, 38.801325112969664 ], [ -75.909384815234787, 38.801339218665333 ], [ -75.90939517647449, 38.801356604114211 ], [ -75.909399374618204, 38.801372715720078 ], [ -75.909411487547075, 38.801395270787467 ], [ -75.909430135843351, 38.801409796696134 ], [ -75.909454059216557, 38.801417398801867 ], [ -75.909474556043293, 38.801418680474775 ], [ -75.909508254782253, 38.801422463946622 ], [ -75.909530912134983, 38.80143381103052 ], [ -75.90954539982576, 38.801452397212131 ], [ -75.909561026054931, 38.801474084178466 ], [ -75.909576091870051, 38.801497036199017 ], [ -75.909602632724997, 38.801526257724888 ], [ -75.909627420645009, 38.801539075176116 ], [ -75.909651722900719, 38.801542978010524 ], [ -75.909674455060525, 38.801544145398005 ], [ -75.909727746415001, 38.801551886724482 ], [ -75.909779859418791, 38.801564418906587 ], [ -75.909823445990369, 38.801579655238953 ], [ -75.909855838855691, 38.801595084279839 ], [ -75.909890684016034, 38.801618815652361 ], [ -75.909917526259974, 38.801632066655095 ], [ -75.909946714170133, 38.801640988133421 ], [ -75.909991456616893, 38.801656685658727 ], [ -75.910029236259874, 38.801672210016498 ], [ -75.910066304737441, 38.801692844929612 ], [ -75.910109397281502, 38.801721608317457 ], [ -75.910157719384259, 38.801753979156487 ], [ -75.910226825615425, 38.801783147629585 ], [ -75.910270557366175, 38.801799448230625 ], [ -75.910315064672631, 38.801811701929822 ], [ -75.910353914989997, 38.801817425189938 ], [ -75.910406959601815, 38.801819470101826 ], [ -75.910447670535945, 38.801817940302286 ], [ -75.910501881682691, 38.801815212192707 ], [ -75.910551545342415, 38.801808693784153 ], [ -75.910611394326935, 38.801803937142999 ], [ -75.910640383968854, 38.801795667093529 ], [ -75.910670949449553, 38.801787492830876 ], [ -75.910696110921506, 38.801784133065226 ], [ -75.910721010892033, 38.801785843017221 ], [ -75.910756534709662, 38.801794535144175 ], [ -75.910787161871653, 38.801803460836432 ], [ -75.910820653539218, 38.801806494232451 ], [ -75.910860851176309, 38.801806914487983 ], [ -75.910920875630168, 38.80180424044493 ], [ -75.91095303628444, 38.80180471178415 ], [ -75.91100333700372, 38.801803226247586 ], [ -75.911027762845464, 38.801799030701254 ], [ -75.911051710141521, 38.801794506353616 ], [ -75.91106929637165, 38.801794138931371 ], [ -75.911088996917755, 38.801803106721344 ], [ -75.911099191770163, 38.801823886918498 ], [ -75.91111079395975, 38.801848265898087 ], [ -75.91112798234245, 38.801875516875803 ], [ -75.911147394666372, 38.801902644456639 ], [ -75.911167704903562, 38.801924492028839 ], [ -75.911186478419538, 38.80193838817749 ], [ -75.911210599002516, 38.801954982912854 ], [ -75.91122308078242, 38.801968487008125 ], [ -75.911242299859154, 38.801993189301925 ], [ -75.911256216590388, 38.80200243643511 ], [ -75.911278590512069, 38.80201125796178 ], [ -75.91130219628063, 38.802021595509039 ], [ -75.911313661469464, 38.802030792734428 ], [ -75.911322088848394, 38.802057259225535 ], [ -75.91131381118079, 38.802081416666368 ], [ -75.911311169962133, 38.80208701374675 ], [ -75.911303175038142, 38.802103948469274 ], [ -75.911292399562782, 38.802130334896603 ], [ -75.911286703538565, 38.802164138217812 ], [ -75.91128630517612, 38.802186504273706 ], [ -75.91129189922404, 38.802200196353013 ], [ -75.911309368892461, 38.802230909447388 ], [ -75.911323282567636, 38.802256228904852 ], [ -75.911347814396848, 38.802285890744983 ], [ -75.911371867561499, 38.802315232792921 ], [ -75.911387508017185, 38.802334523198233 ], [ -75.911405611559744, 38.802353863607472 ], [ -75.911422365411212, 38.80236506515017 ], [ -75.911443735242003, 38.802372543918942 ], [ -75.911458304522142, 38.802375995207981 ], [ -75.911483719458914, 38.802383971172787 ], [ -75.911510881987383, 38.802404954658499 ], [ -75.911523778550475, 38.802420714881428 ], [ -75.911540020024034, 38.80243910094557 ], [ -75.911554112254933, 38.80245043980613 ], [ -75.911579487391307, 38.802463298348925 ], [ -75.911599403672298, 38.802469457200587 ], [ -75.911633719146252, 38.802474362942107 ], [ -75.911671858223798, 38.802482214298117 ], [ -75.911704003014862, 38.802490550285391 ], [ -75.911737648406245, 38.802500900294746 ], [ -75.911764096973187, 38.802510561543308 ], [ -75.911785660074429, 38.802520474527029 ], [ -75.911816819209648, 38.802533053619143 ], [ -75.91183798442718, 38.80253809793053 ], [ -75.91185470051208, 38.80253515466022 ], [ -75.911885362836983, 38.802514584363436 ], [ -75.911911367574845, 38.802494421086003 ], [ -75.911932850302009, 38.802481639192969 ], [ -75.911962020833883, 38.802472838960504 ], [ -75.91199585611291, 38.80246920843355 ], [ -75.912017572713609, 38.802459212539297 ], [ -75.912037967046714, 38.802433222044563 ], [ -75.912053260569806, 38.802410283142834 ], [ -75.912080092390582, 38.802381163415234 ], [ -75.912097973044311, 38.802365248753866 ], [ -75.912129136964722, 38.802342728080376 ], [ -75.912149575433872, 38.802333495034517 ], [ -75.912168399793643, 38.802337265188321 ], [ -75.912173000668929, 38.802344362260953 ], [ -75.912163463618697, 38.802374877501329 ], [ -75.912148592005394, 38.802405649319482 ], [ -75.912136765697156, 38.802429989952003 ], [ -75.912121041402443, 38.802458537561272 ], [ -75.912109746002059, 38.802481279508434 ], [ -75.912095608164961, 38.802504688659774 ], [ -75.912084831241799, 38.802522867789158 ], [ -75.912064447518716, 38.802543624062942 ], [ -75.912040191630439, 38.802552524199044 ], [ -75.911999405799804, 38.802561216149599 ], [ -75.91195734814562, 38.802573283674903 ], [ -75.911931183880426, 38.802583508360264 ], [ -75.911910092119001, 38.802595564156015 ], [ -75.911900202357288, 38.802613697486272 ], [ -75.911900730444955, 38.802628162128741 ], [ -75.91190364263143, 38.802655424005906 ], [ -75.911917853638599, 38.802676358694946 ], [ -75.911941292126059, 38.802695433444121 ], [ -75.911972790901999, 38.802712177896836 ], [ -75.912007780079051, 38.802728044959274 ], [ -75.912044894498209, 38.802748003970898 ], [ -75.912073346168071, 38.802762981215857 ], [ -75.912102305727203, 38.802778629867476 ], [ -75.912125055652183, 38.802797563021507 ], [ -75.912140072417699, 38.802820027743941 ], [ -75.912154919174469, 38.802837779083667 ], [ -75.912174439377381, 38.802847276544775 ], [ -75.912193317148208, 38.802854353556178 ], [ -75.91221416871926, 38.802866394998659 ], [ -75.912219295187356, 38.802874515004405 ], [ -75.912205401958687, 38.802895466945088 ], [ -75.912184673377652, 38.802914670447358 ], [ -75.912164897585271, 38.802940108164506 ], [ -75.912162701091106, 38.802959601548352 ], [ -75.912164562282484, 38.80298481754631 ], [ -75.912173975761092, 38.803007040833272 ], [ -75.912189547327628, 38.803030880113958 ], [ -75.912202194266726, 38.803051710093229 ], [ -75.912217939540369, 38.803096659472466 ], [ -75.91222545633677, 38.803120198430477 ], [ -75.912229211666826, 38.803130657046587 ], [ -75.912240754108126, 38.803146143296772 ], [ -75.912254477984277, 38.803152956032648 ], [ -75.912275292485006, 38.803153825747728 ], [ -75.912284525239684, 38.803149353172344 ], [ -75.912300220316169, 38.803147688631107 ], [ -75.91231588697886, 38.803150915801673 ], [ -75.912326873921785, 38.803159784135161 ], [ -75.912331500393421, 38.80317806181727 ], [ -75.912332002802046, 38.803208589564498 ], [ -75.912333988160441, 38.803240779812214 ], [ -75.912333964874676, 38.803270293632174 ], [ -75.912336665451875, 38.80328953536155 ], [ -75.912344623824865, 38.803302222378342 ], [ -75.912354506256534, 38.803305746985728 ], [ -75.91236998067761, 38.803309503897673 ], [ -75.912377873466156, 38.803315910910229 ], [ -75.91237702513277, 38.803335335779934 ], [ -75.912373353864226, 38.803363977744581 ], [ -75.912367263739469, 38.803409327189378 ], [ -75.91236909374858, 38.803453236915594 ], [ -75.912370638641562, 38.803472008404007 ], [ -75.912378290920088, 38.803529765434412 ], [ -75.912383474860121, 38.803590085088494 ], [ -75.912387971954061, 38.803631235839092 ], [ -75.912395650157094, 38.803672920752355 ], [ -75.912405093123368, 38.803695486640152 ], [ -75.912417535377955, 38.803713891218337 ], [ -75.912430700846656, 38.803730167362836 ], [ -75.912439511831977, 38.803745087582797 ], [ -75.912442760259509, 38.803760109114201 ], [ -75.912434453448299, 38.803783924006765 ], [ -75.912425287000673, 38.803799919938051 ], [ -75.912419161472016, 38.803815070321768 ], [ -75.912414384064178, 38.803830152187587 ], [ -75.912414873884245, 38.803845625494226 ], [ -75.912415903689379, 38.803858148826592 ], [ -75.912414751418353, 38.803874093323316 ], [ -75.912405760357572, 38.803892181014632 ], [ -75.912392956455903, 38.803902070861469 ], [ -75.91237844796224, 38.803912755644077 ], [ -75.912347542240326, 38.803943990656386 ], [ -75.912321247154438, 38.803974124472816 ], [ -75.912301097135327, 38.803997657788628 ], [ -75.912282907584483, 38.804017957065916 ], [ -75.912261179805469, 38.804033196242628 ], [ -75.912236556524633, 38.804045777746879 ], [ -75.912212615616156, 38.804055888085983 ], [ -75.912186486307007, 38.804069077173047 ], [ -75.912154545158685, 38.804090419425151 ], [ -75.912121723023631, 38.804114420169043 ], [ -75.912089898993614, 38.804137141898217 ], [ -75.912056090365425, 38.804160142418212 ], [ -75.912015599511705, 38.804188720364429 ], [ -75.911985625027199, 38.804209441256546 ], [ -75.911954133270427, 38.804230751607939 ], [ -75.911877907519468, 38.804283303034936 ], [ -75.911837860653279, 38.804314470691537 ], [ -75.911832257278121, 38.804318760857484 ], [ -75.911506985202323, 38.803655319037617 ] ] ] ] } },
{ "type": "Feature", "properties": { "JURSCODE": "CARO", "ACCTID": "0604019083", "DIGXCORD": 494875.5, "DIGYCORD": 126518.7, "CT2020": "24011955500", "BG2020": "240119555001", "GEOGCODE": "82", "OOI": "H", "RESITYP": "SF", "ADDRESS": "7034 GANEYS WHARF ROAD", "STRTNUM": "7034", "STRTDIR": null, "STRTNAM": "GANEYS WHARF", "STRTTYP": "RD", "STRTSFX": null, "STRTUNT": null, "ADDRTYP": "P", "CITY": "PRESTON", "ZIPCODE": "21655", "OWNNAME1": "KINSEY RAYMOND M", "OWNNAME2": null, "NAMEKEY": "KINSEY RAYMOND M", "OWNADD1": "7034 GANEYS WHARF RD", "OWNADD2": null, "OWNCITY": "PRESTON", "OWNSTATE": "MD", "OWNERZIP": "21655", "OWNZIP2": "1815", "PREMSNUM": "7034", "PREMSDIR": null, "PREMSNAM": "GANEYS WHARF", "PREMSTYP": "RD", "PREMCITY": "PRESTON", "PREMZIP": "21655", "PREMZIP2": "1815", "LEGAL1": "IMPS1.01 AC L-3", "LEGAL2": "SW/S GANEYS WHARF RD", "LEGAL3": "LYN OAKS SUB", "DR1CLERK": null, "DR1LIBER": "00957", "DR1FOLIO": "0223", "TOWNCODE": null, "DESCTOWN": null, "SUBDIVSN": null, "DSUBCODE": null, "DESCSUBD": null, "PLAT": "5 347", "PLTLIBER": null, "PLTFOLIO": null, "SECTION": null, "BLOCK": null, "LOT": "3", "MAP": "0041", "GRID": "0008", "PARCEL": "0122", "ZONING": "R", "ZNCHGDAT": null, "RZREALDAT": null, "CIUSE": null, "DESCCIUSE": null, "EXCLASS": null, "DESCEXCL": null, "LU": "R", "DESCLU": "Residential", "ACRES": 1.01, "LANDAREA": 1.01, "LUOM": "A", "WIDTH": 0.0, "DEPTH": 0.0, "PFUW": "0", "PFUS": "2", "PFLW": "0", "PFSP": "0", "PFSU": "0", "PFIC": null, "PFIH": "0", "RECIND": "0", "PERMITTYP": null, "YEARBLT": "1978", "SQFTSTRC": 1552, "STRUGRAD": "3", "DESCGRAD": "Codes range from lowest to highest quality 1-9", "STRUCNST": "0001", "DESCCNST": "CNST Siding", "STRUSTYL": "0001", "DESCSTYL": "STRY 1 Story No Basement", "STRUBLDG": "0001", "DESCBLDG": "DWEL Standard Unit", "LASTINSP": "202101", "LASTASSD": "202101", "ASSESSOR": "0612", "TRANSNO1": "11306", "GRNTNAM1": "MILLER  RONALD V", "GR1CLRK1": "FDM", "GR1LIBR1": "00458", "GR1FOLO1": "0259", "CONVEY1": "4", "TRADATE": "20110511", "CONSIDR1": 155000, "MORTGAG1": 0, "NFMLNDVL": 70000, "NFMIMPVL": 127600, "NFMTTLVL": 197600, "CRTARCOD": null, "FCMACODE": null, "AGFNDAREA": 0.0, "AGFNDLUOM": null, "ENTZNDAT": null, "ENTZNASSM": 0, "PLNDEVDAT": null, "NPRCTSTDAT": null, "NPRCAREA": 0.0, "NPRCLUOM": null, "HOMQLCOD": "A", "HOMQLDAT": null, "BLDG_STORY": null, "BLDG_UNITS": 0, "RESIDENT": 1, "RESI2010": 0, "RESI2000": 0, "RESI1990": 0, "RESIUTHS": 0, "APRTMENT": 0, "TRAILER": 0, "SPECIAL": 0, "OTHER": 1, "PTYPE": 2, "SDATWEBADR": "https://sdat.dat.maryland.gov/RealProperty/Pages/viewdetails.aspx?County=06&SearchType=ACCT&District=04&AccountNumber=019083", "EXISTING": "UPDT2017_18", "MDPVDATE": "2020JUN", "SDATDATE": "2022OCT", "POLYDATE": "2021OCT", "POLYACRES": 1.022, "POLYID": "06-0000000009106" }, "geometry": { "type": "MultiPolygon", "coordinates": [ [ [ [ -75.907353238241257, 38.801135677524975 ], [ -75.907910789950662, 38.800925767032084 ], [ -75.908031237048405, 38.801115014896574 ], [ -75.908258704264455, 38.801317489441438 ], [ -75.908456625737202, 38.801411721179015 ], [ -75.907681532976767, 38.801703572568478 ], [ -75.907353238241257, 38.801135677524975 ] ] ] ] } },
{ "type": "Feature", "properties": { "JURSCODE": "CARO", "ACCTID": "0604019113", "DIGXCORD": 494644.8, "DIGYCORD": 126853.3, "CT2020": "24011955500", "BG2020": "240119555001", "GEOGCODE": "82", "OOI": "N", "RESITYP": "SF", "ADDRESS": "22944 LYN OAKS DR", "STRTNUM": "22944", "STRTDIR": null, "STRTNAM": "LYN OAKS", "STRTTYP": "DR", "STRTSFX": null, "STRTUNT": null, "ADDRTYP": "P", "CITY": "PRESTON", "ZIPCODE": "21655", "OWNNAME1": "GREGORY STEVEN", "OWNNAME2": "CARINCOTTE BRUNA A", "NAMEKEY": "GREGORY STEVEN", "OWNADD1": "973 BRAMLEIGH LN", "OWNADD2": null, "OWNCITY": "ANNAPOLIS", "OWNSTATE": "MD", "OWNERZIP": "21401", "OWNZIP2": null, "PREMSNUM": "22944", "PREMSDIR": null, "PREMSNAM": "LYN OAKS", "PREMSTYP": "DR", "PREMCITY": "PRESTON", "PREMZIP": "21655", "PREMZIP2": "1855", "LEGAL1": "IMPS1.24 AC L-10", "LEGAL2": "SW/S GANEYS WHARF RD", "LEGAL3": "LYN OAKS SUB", "DR1CLERK": null, "DR1LIBER": "01508", "DR1FOLIO": "0290", "TOWNCODE": null, "DESCTOWN": null, "SUBDIVSN": null, "DSUBCODE": null, "DESCSUBD": null, "PLAT": "5 347", "PLTLIBER": null, "PLTFOLIO": null, "SECTION": null, "BLOCK": null, "LOT": "10", "MAP": "0041", "GRID": "0008", "PARCEL": "0122", "ZONING": "R", "ZNCHGDAT": null, "RZREALDAT": null, "CIUSE": null, "DESCCIUSE": null, "EXCLASS": null, "DESCEXCL": null, "LU": "R", "DESCLU": "Residential", "ACRES": 1.24, "LANDAREA": 1.24, "LUOM": "A", "WIDTH": 0.0, "DEPTH": 0.0, "PFUW": "0", "PFUS": "2", "PFLW": "1", "PFSP": "0", "PFSU": "0", "PFIC": null, "PFIH": "0", "RECIND": "0", "PERMITTYP": null, "YEARBLT": "1986", "SQFTSTRC": 1984, "STRUGRAD": "3", "DESCGRAD": "Codes range from lowest to highest quality 1-9", "STRUCNST": "0001", "DESCCNST": "CNST Siding", "STRUSTYL": "0005", "DESCSTYL": "STRY 2 Story No Basement", "STRUBLDG": "0001", "DESCBLDG": "DWEL Standard Unit", "LASTINSP": "202101", "LASTASSD": "202101", "ASSESSOR": "0612", "TRANSNO1": null, "GRNTNAM1": "MANN  DALTON L", "GR1CLRK1": "FDM", "GR1LIBR1": "00269", "GR1FOLO1": "0223", "CONVEY1": "1", "TRADATE": "20210715", "CONSIDR1": 500000, "MORTGAG1": 436500, "NFMLNDVL": 228600, "NFMIMPVL": 142400, "NFMTTLVL": 371000, "CRTARCOD": null, "FCMACODE": null, "AGFNDAREA": 0.0, "AGFNDLUOM": null, "ENTZNDAT": null, "ENTZNASSM": 0, "PLNDEVDAT": null, "NPRCTSTDAT": null, "NPRCAREA": 0.0, "NPRCLUOM": null, "HOMQLCOD": null, "HOMQLDAT": null, "BLDG_STORY": null, "BLDG_UNITS": 0, "RESIDENT": 1, "RESI2010": 0, "RESI2000": 0, "RESI1990": 0, "RESIUTHS": 0, "APRTMENT": 0, "TRAILER": 0, "SPECIAL": 0, "OTHER": 1, "PTYPE": 2, "SDATWEBADR": "https://sdat.dat.maryland.gov/RealProperty/Pages/viewdetails.aspx?County=06&SearchType=ACCT&District=04&AccountNumber=019113", "EXISTING": "UPDT2017_18", "MDPVDATE": "2020JUN", "SDATDATE": "2022OCT", "POLYDATE": "2021OCT", "POLYACRES": 1.179, "POLYID": "06-0000000009109" }, "geometry": { "type": "MultiPolygon", "coordinates": [ [ [ [ -75.909896787556534, 38.804172405379681 ], [ -75.910549796507198, 38.803971193897745 ], [ -75.910872946313091, 38.804612492096354 ], [ -75.910855131919789, 38.804616452023858 ], [ -75.910803606311859, 38.804627917248844 ], [ -75.910716686387573, 38.804650800013043 ], [ -75.910674400245171, 38.804665675812991 ], [ -75.910629815555737, 38.804687827566276 ], [ -75.910548659015276, 38.804723863342069 ], [ -75.910485886441592, 38.804747277690645 ], [ -75.910236509835215, 38.804861410577217 ], [ -75.909896787556534, 38.804172405379681 ] ] ] ] } },
{ "type": "Feature", "properties": { "JURSCODE": "CARO", "ACCTID": "0604019121", "DIGXCORD": 494945.8, "DIGYCORD": 126382.9, "CT2020": "24011955500", "BG2020": "240119555001", "GEOGCODE": "82", "OOI": "H", "RESITYP": "SF", "ADDRESS": "7000 GANEYS WHARF ROAD", "STRTNUM": "7000", "STRTDIR": null, "STRTNAM": "GANEYS WHARF", "STRTTYP": "RD", "STRTSFX": null, "STRTUNT": null, "ADDRTYP": "P", "CITY": "PRESTON", "ZIPCODE": "21655", "OWNNAME1": "DELANO MARK SCOTT", "OWNNAME2": "DELANO AMANDA RAE", "NAMEKEY": "DELANO MARK SCOTT", "OWNADD1": "7000 GANEYS WHARF RD", "OWNADD2": null, "OWNCITY": "PRESTON", "OWNSTATE": "MD", "OWNERZIP": "21655", "OWNZIP2": null, "PREMSNUM": "7000", "PREMSDIR": null, "PREMSNAM": "GANEYS WHARF", "PREMSTYP": "RD", "PREMCITY": "PRESTON", "PREMZIP": "21655", "PREMZIP2": null, "LEGAL1": "IMPS1.03 AC L-1", "LEGAL2": "SW/S GANEYS WHARF RD", "LEGAL3": "LYN OAKS SUB", "DR1CLERK": null, "DR1LIBER": "01230", "DR1FOLIO": "0086", "TOWNCODE": null, "DESCTOWN": null, "SUBDIVSN": null, "DSUBCODE": null, "DESCSUBD": null, "PLAT": "5 347", "PLTLIBER": null, "PLTFOLIO": null, "SECTION": null, "BLOCK": null, "LOT": "1", "MAP": "0041", "GRID": "0008", "PARCEL": "0122", "ZONING": "R", "ZNCHGDAT": null, "RZREALDAT": null, "CIUSE": null, "DESCCIUSE": null, "EXCLASS": null, "DESCEXCL": null, "LU": "R", "DESCLU": "Residential", "ACRES": 1.03, "LANDAREA": 1.03, "LUOM": "A", "WIDTH": 0.0, "DEPTH": 0.0, "PFUW": "0", "PFUS": "2", "PFLW": "0", "PFSP": "0", "PFSU": "0", "PFIC": null, "PFIH": "0", "RECIND": "0", "PERMITTYP": null, "YEARBLT": "1977", "SQFTSTRC": 1624, "STRUGRAD": "3", "DESCGRAD": "Codes range from lowest to highest quality 1-9", "STRUCNST": "0001", "DESCCNST": "CNST Siding", "STRUSTYL": "0001", "DESCSTYL": "STRY 1 Story No Basement", "STRUBLDG": "0001", "DESCBLDG": "DWEL Standard Unit", "LASTINSP": "202101", "LASTASSD": "202101", "ASSESSOR": "0612", "TRANSNO1": "16910", "GRNTNAM1": "GOMOLJAK  WALTER", "GR1CLRK1": null, "GR1LIBR1": "00891", "GR1FOLO1": "0246", "CONVEY1": "4", "TRADATE": "20161101", "CONSIDR1": 155000, "MORTGAG1": 147250, "NFMLNDVL": 70100, "NFMIMPVL": 128700, "NFMTTLVL": 198800, "CRTARCOD": null, "FCMACODE": null, "AGFNDAREA": 0.0, "AGFNDLUOM": null, "ENTZNDAT": null, "ENTZNASSM": 0, "PLNDEVDAT": null, "NPRCTSTDAT": null, "NPRCAREA": 0.0, "NPRCLUOM": null, "HOMQLCOD": null, "HOMQLDAT": null, "BLDG_STORY": null, "BLDG_UNITS": 0, "RESIDENT": 1, "RESI2010": 0, "RESI2000": 0, "RESI1990": 0, "RESIUTHS": 0, "APRTMENT": 0, "TRAILER": 0, "SPECIAL": 0, "OTHER": 1, "PTYPE": 2, "SDATWEBADR": "https://sdat.dat.maryland.gov/RealProperty/Pages/viewdetails.aspx?County=06&SearchType=ACCT&District=04&AccountNumber=019121", "EXISTING": "UPDT2017_18", "MDPVDATE": "2020JUN", "SDATDATE": "2022OCT", "POLYDATE": "2021OCT", "POLYACRES": 1.018, "POLYID": "06-0000000009110" }, "geometry": { "type": "MultiPolygon", "coordinates": [ [ [ [ -75.90683301028632, 38.799509332846391 ], [ -75.906924813824858, 38.799629726696928 ], [ -75.907367625027121, 38.800258858862627 ], [ -75.90694955807173, 38.800479208783074 ], [ -75.906704762565596, 38.80008310612272 ], [ -75.906436172369268, 38.799781808729293 ], [ -75.906476353793863, 38.799682408637103 ], [ -75.906559959065603, 38.799623794614611 ], [ -75.906776291268898, 38.799533108212906 ], [ -75.90683301028632, 38.799509332846391 ] ] ] ] } },
{ "type": "Feature", "properties": { "JURSCODE": "CARO", "ACCTID": "0604019148", "DIGXCORD": 494909.3, "DIGYCORD": 126457.0, "CT2020": "24011955500", "BG2020": "240119555001", "GEOGCODE": "82", "OOI": "H", "RESITYP": "SF", "ADDRESS": "7020 GANEYS WHARF ROAD", "STRTNUM": "7020", "STRTDIR": null, "STRTNAM": "GANEYS WHARF", "STRTTYP": "RD", "STRTSFX": null, "STRTUNT": null, "ADDRTYP": "P", "CITY": "PRESTON", "ZIPCODE": "21655", "OWNNAME1": "SORRELL MARIAH ELISE", "OWNNAME2": null, "NAMEKEY": "SORRELL MARIAH ELISE", "OWNADD1": "7020 GANEYS WHARF RD", "OWNADD2": null, "OWNCITY": "PRESTON", "OWNSTATE": "MD", "OWNERZIP": "21655", "OWNZIP2": null, "PREMSNUM": "7020", "PREMSDIR": null, "PREMSNAM": "GANEYS WHARF", "PREMSTYP": "RD", "PREMCITY": "PRESTON", "PREMZIP": "21655", "PREMZIP2": null, "LEGAL1": "IMPS1.01 AC L-2", "LEGAL2": "SW/S GANEYS WHARF RD", "LEGAL3": "LYN OAKS SUB", "DR1CLERK": null, "DR1LIBER": "01458", "DR1FOLIO": "0450", "TOWNCODE": null, "DESCTOWN": null, "SUBDIVSN": null, "DSUBCODE": null, "DESCSUBD": null, "PLAT": "5 347", "PLTLIBER": null, "PLTFOLIO": null, "SECTION": null, "BLOCK": null, "LOT": "2", "MAP": "0041", "GRID": "0008", "PARCEL": "0122", "ZONING": "R", "ZNCHGDAT": null, "RZREALDAT": null, "CIUSE": null, "DESCCIUSE": null, "EXCLASS": null, "DESCEXCL": null, "LU": "R", "DESCLU": "Residential", "ACRES": 1.01, "LANDAREA": 1.01, "LUOM": "A", "WIDTH": 0.0, "DEPTH": 0.0, "PFUW": "0", "PFUS": "2", "PFLW": "0", "PFSP": "0", "PFSU": "0", "PFIC": null, "PFIH": "0", "RECIND": "0", "PERMITTYP": null, "YEARBLT": "1977", "SQFTSTRC": 1824, "STRUGRAD": "4", "DESCGRAD": "Codes range from lowest to highest quality 1-9", "STRUCNST": "0001", "DESCCNST": "CNST Siding", "STRUSTYL": "0001", "DESCSTYL": "STRY 1 Story No Basement", "STRUBLDG": "0001", "DESCBLDG": "DWEL Standard Unit", "LASTINSP": "202101", "LASTASSD": "202101", "ASSESSOR": "0612", "TRANSNO1": null, "GRNTNAM1": "ADAMS JEFFREY", "GR1CLRK1": null, "GR1LIBR1": "01212", "GR1FOLO1": "0422", "CONVEY1": "1", "TRADATE": "20201223", "CONSIDR1": 245000, "MORTGAG1": 247474, "NFMLNDVL": 70000, "NFMIMPVL": 139300, "NFMTTLVL": 209300, "CRTARCOD": null, "FCMACODE": null, "AGFNDAREA": 0.0, "AGFNDLUOM": null, "ENTZNDAT": null, "ENTZNASSM": 0, "PLNDEVDAT": null, "NPRCTSTDAT": null, "NPRCAREA": 0.0, "NPRCLUOM": null, "HOMQLCOD": "A", "HOMQLDAT": null, "BLDG_STORY": null, "BLDG_UNITS": 0, "RESIDENT": 1, "RESI2010": 0, "RESI2000": 0, "RESI1990": 0, "RESIUTHS": 0, "APRTMENT": 0, "TRAILER": 0, "SPECIAL": 0, "OTHER": 1, "PTYPE": 2, "SDATWEBADR": "https://sdat.dat.maryland.gov/RealProperty/Pages/viewdetails.aspx?County=06&SearchType=ACCT&District=04&AccountNumber=019148", "EXISTING": "UPDT2017_18", "MDPVDATE": "2020JUN", "SDATDATE": "2022OCT", "POLYDATE": "2021OCT", "POLYACRES": 1.007, "POLYID": "06-0000000009111" }, "geometry": { "type": "MultiPolygon", "coordinates": [ [ [ [ -75.90694955807173, 38.800479208783074 ], [ -75.907367625027121, 38.800258858862627 ], [ -75.907610164021705, 38.800576919477749 ], [ -75.907851492717299, 38.800832696793073 ], [ -75.907910789950662, 38.800925767032084 ], [ -75.907353238241257, 38.801135677524975 ], [ -75.90694955807173, 38.800479208783074 ] ] ] ] } },
{ "type": "Feature", "properties": { "JURSCODE": "CARO", "ACCTID": "0604019156", "DIGXCORD": 494821.2, "DIGYCORD": 126569.6, "CT2020": "24011955500", "BG2020": "240119555001", "GEOGCODE": "82", "OOI": "H", "RESITYP": "SF", "ADDRESS": "7060 GANEYS WHARF ROAD", "STRTNUM": "7060", "STRTDIR": null, "STRTNAM": "GANEYS WHARF", "STRTTYP": "RD", "STRTSFX": null, "STRTUNT": null, "ADDRTYP": "P", "CITY": "PRESTON", "ZIPCODE": "21655", "OWNNAME1": "VANDERBYL ADRIANUS PAULUS", "OWNNAME2": null, "NAMEKEY": "VANDERBYL ADRIANUS PAULUS", "OWNADD1": "7060 GANEYS WHARF RD", "OWNADD2": null, "OWNCITY": "PRESTON", "OWNSTATE": "MD", "OWNERZIP": "21655", "OWNZIP2": "1854", "PREMSNUM": "7060", "PREMSDIR": null, "PREMSNAM": "GANEYS WHARF", "PREMSTYP": "RD", "PREMCITY": "PRESTON", "PREMZIP": "21655", "PREMZIP2": "1854", "LEGAL1": "IMPS1.68 AC L-4", "LEGAL2": "SW/S GANEYS WHARF RD", "LEGAL3": "LYN OAKS SUB", "DR1CLERK": null, "DR1LIBER": "01027", "DR1FOLIO": "0137", "TOWNCODE": null, "DESCTOWN": null, "SUBDIVSN": null, "DSUBCODE": null, "DESCSUBD": null, "PLAT": "5 347", "PLTLIBER": null, "PLTFOLIO": null, "SECTION": null, "BLOCK": null, "LOT": "4", "MAP": "0041", "GRID": "0008", "PARCEL": "0122", "ZONING": "R", "ZNCHGDAT": null, "RZREALDAT": null, "CIUSE": null, "DESCCIUSE": null, "EXCLASS": null, "DESCEXCL": null, "LU": "R", "DESCLU": "Residential", "ACRES": 1.68, "LANDAREA": 1.68, "LUOM": "A", "WIDTH": 0.0, "DEPTH": 0.0, "PFUW": "0", "PFUS": "2", "PFLW": "0", "PFSP": "0", "PFSU": "0", "PFIC": null, "PFIH": "0", "RECIND": "0", "PERMITTYP": null, "YEARBLT": "1977", "SQFTSTRC": 1456, "STRUGRAD": "4", "DESCGRAD": "Codes range from lowest to highest quality 1-9", "STRUCNST": "0001", "DESCCNST": "CNST Siding", "STRUSTYL": "0001", "DESCSTYL": "STRY 1 Story No Basement", "STRUBLDG": "0001", "DESCBLDG": "DWEL Standard Unit", "LASTINSP": "202101", "LASTASSD": "202101", "ASSESSOR": "0612", "TRANSNO1": "12607", "GRNTNAM1": "PARMER  JEFFREY M  & KATHLEEN M", "GR1CLRK1": "FDM", "GR1LIBR1": "00881", "GR1FOLO1": "0328", "CONVEY1": "4", "TRADATE": "20121113", "CONSIDR1": 150000, "MORTGAG1": 0, "NFMLNDVL": 73400, "NFMIMPVL": 138000, "NFMTTLVL": 211400, "CRTARCOD": null, "FCMACODE": null, "AGFNDAREA": 0.0, "AGFNDLUOM": null, "ENTZNDAT": null, "ENTZNASSM": 0, "PLNDEVDAT": null, "NPRCTSTDAT": null, "NPRCAREA": 0.0, "NPRCLUOM": null, "HOMQLCOD": "A", "HOMQLDAT": null, "BLDG_STORY": null, "BLDG_UNITS": 0, "RESIDENT": 1, "RESI2010": 0, "RESI2000": 0, "RESI1990": 0, "RESIUTHS": 0, "APRTMENT": 0, "TRAILER": 0, "SPECIAL": 0, "OTHER": 1, "PTYPE": 2, "SDATWEBADR": "https://sdat.dat.maryland.gov/RealProperty/Pages/viewdetails.aspx?County=06&SearchType=ACCT&District=04&AccountNumber=019156", "EXISTING": "UPDT2017_18", "MDPVDATE": "2020JUN", "SDATDATE": "2022OCT", "POLYDATE": "2021OCT", "POLYACRES": 1.677, "POLYID": "06-0000000009112" }, "geometry": { "type": "MultiPolygon", "coordinates": [ [ [ [ -75.907681532976767, 38.801703572568478 ], [ -75.908456625737202, 38.801411721179015 ], [ -75.908828941160621, 38.801575810017347 ], [ -75.909549250096163, 38.801702536880306 ], [ -75.907970799268881, 38.802203910916276 ], [ -75.907681532976767, 38.801703572568478 ] ] ] ] } },
{ "type": "Feature", "properties": { "JURSCODE": "CARO", "ACCTID": "0604019164", "DIGXCORD": 494762.8, "DIGYCORD": 126604.0, "CT2020": "24011955500", "BG2020": "240119555001", "GEOGCODE": "82", "OOI": "N", "RESITYP": "SF", "ADDRESS": null, "STRTNUM": null, "STRTDIR": null, "STRTNAM": null, "STRTTYP": null, "STRTSFX": null, "STRTUNT": null, "ADDRTYP": null, "CITY": "PRESTON", "ZIPCODE": "21655", "OWNNAME1": "YOUNG MELISSA MONTGOMERY ETAL", "OWNNAME2": "POLLOCK PATRICIA ETAL", "NAMEKEY": "YOUNG MELISSA MONTGOMERY", "OWNADD1": "3411 E HAYES ST APT 426", "OWNADD2": null, "OWNCITY": "NEWBERG", "OWNSTATE": "OR", "OWNERZIP": "97132", "OWNZIP2": null, "PREMSNUM": null, "PREMSDIR": null, "PREMSNAM": "GANEYS WHARF", "PREMSTYP": "RD", "PREMCITY": null, "PREMZIP": null, "PREMZIP2": null, "LEGAL1": "2.34 AC L-5", "LEGAL2": "SW/S GANEYS WHARF RD", "LEGAL3": "LYN OAKS SUB", "DR1CLERK": null, "DR1LIBER": "01301", "DR1FOLIO": "0276", "TOWNCODE": null, "DESCTOWN": null, "SUBDIVSN": null, "DSUBCODE": null, "DESCSUBD": null, "PLAT": "5 347", "PLTLIBER": null, "PLTFOLIO": null, "SECTION": null, "BLOCK": null, "LOT": "5", "MAP": "0041", "GRID": "0008", "PARCEL": "0122", "ZONING": "R", "ZNCHGDAT": null, "RZREALDAT": null, "CIUSE": null, "DESCCIUSE": null, "EXCLASS": null, "DESCEXCL": null, "LU": "R", "DESCLU": "Residential", "ACRES": 2.34, "LANDAREA": 2.34, "LUOM": "A", "WIDTH": 0.0, "DEPTH": 0.0, "PFUW": "0", "PFUS": "0", "PFLW": "0", "PFSP": "0", "PFSU": "0", "PFIC": null, "PFIH": "0", "RECIND": "0", "PERMITTYP": null, "YEARBLT": null, "SQFTSTRC": 0, "STRUGRAD": null, "DESCGRAD": null, "STRUCNST": null, "DESCCNST": null, "STRUSTYL": null, "DESCSTYL": null, "STRUBLDG": null, "DESCBLDG": null, "LASTINSP": "202101", "LASTASSD": "202101", "ASSESSOR": "0612", "TRANSNO1": "18205", "GRNTNAM1": "POLLOCK PATRICIA", "GR1CLRK1": null, "GR1LIBR1": "01289", "GR1FOLO1": "0316", "CONVEY1": "4", "TRADATE": "20180312", "CONSIDR1": 0, "MORTGAG1": 0, "NFMLNDVL": 51700, "NFMIMPVL": 0, "NFMTTLVL": 51700, "CRTARCOD": null, "FCMACODE": null, "AGFNDAREA": 0.0, "AGFNDLUOM": null, "ENTZNDAT": null, "ENTZNASSM": 0, "PLNDEVDAT": null, "NPRCTSTDAT": null, "NPRCAREA": 0.0, "NPRCLUOM": null, "HOMQLCOD": null, "HOMQLDAT": null, "BLDG_STORY": null, "BLDG_UNITS": 0, "RESIDENT": 0, "RESI2010": 0, "RESI2000": 0, "RESI1990": 0, "RESIUTHS": 0, "APRTMENT": 0, "TRAILER": 0, "SPECIAL": 0, "OTHER": 0, "PTYPE": 2, "SDATWEBADR": "https://sdat.dat.maryland.gov/RealProperty/Pages/viewdetails.aspx?County=06&SearchType=ACCT&District=04&AccountNumber=019164", "EXISTING": "UPDT2017_18", "MDPVDATE": "2020JUN", "SDATDATE": "2022OCT", "POLYDATE": "2021OCT", "POLYACRES": 2.342, "POLYID": "06-0000000009113" }, "geometry": { "type": "MultiPolygon", "coordinates": [ [ [ [ -75.907970799268881, 38.802203910916276 ], [ -75.909549250096163, 38.801702536880306 ], [ -75.910095534474834, 38.801913383232929 ], [ -75.909865535230963, 38.802068832167926 ], [ -75.909661756257108, 38.802206561373254 ], [ -75.908265901950315, 38.802714366325922 ], [ -75.90800587395897, 38.80226458261874 ], [ -75.907970799268881, 38.802203910916276 ] ] ] ] } },
{ "type": "Feature", "properties": { "JURSCODE": "CARO", "ACCTID": "0604019172", "DIGXCORD": 494763.3, "DIGYCORD": 126679.1, "CT2020": "24011955500", "BG2020": "240119555001", "GEOGCODE": "82", "OOI": "H", "RESITYP": "SF", "ADDRESS": "7090 GANEYS WHARF ROAD", "STRTNUM": "7090", "STRTDIR": null, "STRTNAM": "GANEYS WHARF", "STRTTYP": "RD", "STRTSFX": null, "STRTUNT": null, "ADDRTYP": "P", "CITY": "PRESTON", "ZIPCODE": "21655", "OWNNAME1": "MATZEIT TERRENCE W", "OWNNAME2": "MATZEIT SUZANNE B", "NAMEKEY": "MATZEIT TERRENCE W", "OWNADD1": "7090 GANEYS WHARF RD", "OWNADD2": null, "OWNCITY": "PRESTON", "OWNSTATE": "MD", "OWNERZIP": "21655", "OWNZIP2": "1815", "PREMSNUM": "7090", "PREMSDIR": null, "PREMSNAM": "GANEYS WHARF", "PREMSTYP": "RD", "PREMCITY": "PRESTON", "PREMZIP": "21655", "PREMZIP2": "1815", "LEGAL1": "IMPS2.05 AC L-6", "LEGAL2": "SW/S GANEYS WHARF RD", "LEGAL3": "LYN OAKS SUB", "DR1CLERK": "FDM", "DR1LIBER": "00611", "DR1FOLIO": "0645", "TOWNCODE": null, "DESCTOWN": null, "SUBDIVSN": null, "DSUBCODE": null, "DESCSUBD": null, "PLAT": "5 347", "PLTLIBER": null, "PLTFOLIO": null, "SECTION": null, "BLOCK": null, "LOT": "6", "MAP": "0041", "GRID": "0008", "PARCEL": "0122", "ZONING": "R", "ZNCHGDAT": null, "RZREALDAT": null, "CIUSE": null, "DESCCIUSE": null, "EXCLASS": null, "DESCEXCL": null, "LU": "R", "DESCLU": "Residential", "ACRES": 2.05, "LANDAREA": 2.05, "LUOM": "A", "WIDTH": 0.0, "DEPTH": 0.0, "PFUW": "0", "PFUS": "2", "PFLW": "0", "PFSP": "0", "PFSU": "0", "PFIC": null, "PFIH": "0", "RECIND": "0", "PERMITTYP": null, "YEARBLT": "1989", "SQFTSTRC": 2016, "STRUGRAD": "5", "DESCGRAD": "Codes range from lowest to highest quality 1-9", "STRUCNST": "0001", "DESCCNST": "CNST Siding", "STRUSTYL": "0003", "DESCSTYL": "STRY 1.5 Story No Basement", "STRUBLDG": "0001", "DESCBLDG": "DWEL Standard Unit", "LASTINSP": "202101", "LASTASSD": "202101", "ASSESSOR": "0612", "TRANSNO1": "50626", "GRNTNAM1": "CRAWFORD, TIMOTHY S &", "GR1CLRK1": "FDM", "GR1LIBR1": "00233", "GR1FOLO1": "0415", "CONVEY1": "1", "TRADATE": "20050614", "CONSIDR1": 289900, "MORTGAG1": 175000, "NFMLNDVL": 75200, "NFMIMPVL": 211100, "NFMTTLVL": 286300, "CRTARCOD": null, "FCMACODE": null, "AGFNDAREA": 0.0, "AGFNDLUOM": null, "ENTZNDAT": null, "ENTZNASSM": 0, "PLNDEVDAT": null, "NPRCTSTDAT": null, "NPRCAREA": 0.0, "NPRCLUOM": null, "HOMQLCOD": "A", "HOMQLDAT": null, "BLDG_STORY": null, "BLDG_UNITS": 0, "RESIDENT": 1, "RESI2010": 0, "RESI2000": 0, "RESI1990": 0, "RESIUTHS": 0, "APRTMENT": 0, "TRAILER": 0, "SPECIAL": 0, "OTHER": 1, "PTYPE": 2, "SDATWEBADR": "https://sdat.dat.maryland.gov/RealProperty/Pages/viewdetails.aspx?County=06&SearchType=ACCT&District=04&AccountNumber=019172", "EXISTING": "UPDT2017_18", "MDPVDATE": "2020JUN", "SDATDATE": "2022OCT", "POLYDATE": "2021OCT", "POLYACRES": 2.052, "POLYID": "06-0000000009114" }, "geometry": { "type": "MultiPolygon", "coordinates": [ [ [ [ -75.908265901950315, 38.802714366325922 ], [ -75.909661756257108, 38.802206561373254 ], [ -75.909935352890145, 38.802750199484983 ], [ -75.908555176290619, 38.803214712158983 ], [ -75.908265901950315, 38.802714366325922 ] ] ] ] } },
{ "type": "Feature", "properties": { "JURSCODE": "CARO", "ACCTID": "0604019199", "DIGXCORD": 494734.0, "DIGYCORD": 126793.2, "CT2020": "24011955500", "BG2020": "240119555001", "GEOGCODE": "82", "OOI": "H", "RESITYP": "SF", "ADDRESS": "22959 LYN OAKS DR", "STRTNUM": "22959", "STRTDIR": null, "STRTNAM": "LYN OAKS", "STRTTYP": "DR", "STRTSFX": null, "STRTUNT": null, "ADDRTYP": "P", "CITY": "PRESTON", "ZIPCODE": "21655", "OWNNAME1": "ADAMS GRANVILLE L", "OWNNAME2": "ADAMS NANCY L", "NAMEKEY": "ADAMS GRANVILLE L", "OWNADD1": "22959 LYN OAKS DR", "OWNADD2": null, "OWNCITY": "PRESTON", "OWNSTATE": "MD", "OWNERZIP": "21655", "OWNZIP2": "1855", "PREMSNUM": "22959", "PREMSDIR": null, "PREMSNAM": "LYN OAKS", "PREMSTYP": "RD", "PREMCITY": "PRESTON", "PREMZIP": "21655", "PREMZIP2": "1855", "LEGAL1": "IMPS1.02 AC L-8", "LEGAL2": "SW/S GANEYS WHARF RD", "LEGAL3": "LYN OAKS SUB", "DR1CLERK": "FDM", "DR1LIBER": "00606", "DR1FOLIO": "0324", "TOWNCODE": null, "DESCTOWN": null, "SUBDIVSN": null, "DSUBCODE": null, "DESCSUBD": null, "PLAT": "5 347", "PLTLIBER": null, "PLTFOLIO": null, "SECTION": null, "BLOCK": null, "LOT": "8", "MAP": "0041", "GRID": "0008", "PARCEL": "0122", "ZONING": "R", "ZNCHGDAT": null, "RZREALDAT": null, "CIUSE": null, "DESCCIUSE": null, "EXCLASS": null, "DESCEXCL": null, "LU": "R", "DESCLU": "Residential", "ACRES": 1.02, "LANDAREA": 1.02, "LUOM": "A", "WIDTH": 0.0, "DEPTH": 0.0, "PFUW": "0", "PFUS": "0", "PFLW": "0", "PFSP": "0", "PFSU": "0", "PFIC": null, "PFIH": "0", "RECIND": "0", "PERMITTYP": "Z", "YEARBLT": "2005", "SQFTSTRC": 1904, "STRUGRAD": "5", "DESCGRAD": "Codes range from lowest to highest quality 1-9", "STRUCNST": "0001", "DESCCNST": "CNST Siding", "STRUSTYL": "0001", "DESCSTYL": "STRY 1 Story No Basement", "STRUBLDG": "0001", "DESCBLDG": "DWEL Standard Unit", "LASTINSP": "202101", "LASTASSD": "202101", "ASSESSOR": "0612", "TRANSNO1": "50515", "GRNTNAM1": "WORM, JAMES T. JR. & SALLY M.", "GR1CLRK1": "FDM", "GR1LIBR1": "00539", "GR1FOLO1": "0547", "CONVEY1": "1", "TRADATE": "20050519", "CONSIDR1": 387000, "MORTGAG1": 260000, "NFMLNDVL": 70100, "NFMIMPVL": 221100, "NFMTTLVL": 291200, "CRTARCOD": null, "FCMACODE": null, "AGFNDAREA": 0.0, "AGFNDLUOM": null, "ENTZNDAT": null, "ENTZNASSM": 0, "PLNDEVDAT": null, "NPRCTSTDAT": null, "NPRCAREA": 0.0, "NPRCLUOM": null, "HOMQLCOD": "A", "HOMQLDAT": null, "BLDG_STORY": null, "BLDG_UNITS": 0, "RESIDENT": 1, "RESI2010": 0, "RESI2000": 1, "RESI1990": 0, "RESIUTHS": 0, "APRTMENT": 0, "TRAILER": 0, "SPECIAL": 0, "OTHER": 1, "PTYPE": 2, "SDATWEBADR": "https://sdat.dat.maryland.gov/RealProperty/Pages/viewdetails.aspx?County=06&SearchType=ACCT&District=04&AccountNumber=019199", "EXISTING": "UPDT2017_18", "MDPVDATE": "2020JUN", "SDATDATE": "2022OCT", "POLYDATE": "2021OCT", "POLYACRES": 1.026, "POLYID": "06-0000000009115" }, "geometry": { "type": "MultiPolygon", "coordinates": [ [ [ [ -75.908849811633232, 38.803713341533147 ], [ -75.909546285359426, 38.803498379677556 ], [ -75.909822701159555, 38.804047674987864 ], [ -75.909160978751302, 38.8042515667834 ], [ -75.908849811633232, 38.803713341533147 ] ] ] ] } },
{ "type": "Feature", "properties": { "JURSCODE": "CARO", "ACCTID": "0604019202", "DIGXCORD": 494680.6, "DIGYCORD": 126771.2, "CT2020": "24011955500", "BG2020": "240119555001", "GEOGCODE": "82", "OOI": "D", "RESITYP": "SF", "ADDRESS": "22949 LYN OAKS DR", "STRTNUM": "22949", "STRTDIR": null, "STRTNAM": "LYN OAKS", "STRTTYP": "DR", "STRTSFX": null, "STRTUNT": null, "ADDRTYP": "P", "CITY": "PRESTON", "ZIPCODE": "21655", "OWNNAME1": "MCALLEN CATHERINE L", "OWNNAME2": "MCALLEN MALCOLM WEBSTER", "NAMEKEY": "MCALLEN CATHERINE L", "OWNADD1": "22949 LYN OAKS DR", "OWNADD2": null, "OWNCITY": "PRESTON", "OWNSTATE": "MD", "OWNERZIP": "21655", "OWNZIP2": "1855", "PREMSNUM": "22949", "PREMSDIR": null, "PREMSNAM": "LYN OAKS", "PREMSTYP": "DR", "PREMCITY": "PRESTON", "PREMZIP": "21655", "PREMZIP2": null, "LEGAL1": "IMPS1.00 AC L-9", "LEGAL2": "SW/S GANEYS WHARF RD", "LEGAL3": "LYN OAKS SUB", "DR1CLERK": null, "DR1LIBER": "01315", "DR1FOLIO": "0419", "TOWNCODE": null, "DESCTOWN": null, "SUBDIVSN": null, "DSUBCODE": null, "DESCSUBD": null, "PLAT": "5 347", "PLTLIBER": null, "PLTFOLIO": null, "SECTION": null, "BLOCK": null, "LOT": "9", "MAP": "0041", "GRID": "0008", "PARCEL": "0122", "ZONING": "R", "ZNCHGDAT": null, "RZREALDAT": null, "CIUSE": null, "DESCCIUSE": null, "EXCLASS": null, "DESCEXCL": null, "LU": "R", "DESCLU": "Residential", "ACRES": 1.0, "LANDAREA": 1.0, "LUOM": "A", "WIDTH": 0.0, "DEPTH": 0.0, "PFUW": "0", "PFUS": "2", "PFLW": "0", "PFSP": "0", "PFSU": "0", "PFIC": null, "PFIH": "0", "RECIND": "0", "PERMITTYP": null, "YEARBLT": "1978", "SQFTSTRC": 1588, "STRUGRAD": "3", "DESCGRAD": "Codes range from lowest to highest quality 1-9", "STRUCNST": "0002", "DESCCNST": "CNST Frame", "STRUSTYL": "0001", "DESCSTYL": "STRY 1 Story No Basement", "STRUBLDG": "0001", "DESCBLDG": "DWEL Standard Unit", "LASTINSP": "202101", "LASTASSD": "202101", "ASSESSOR": "0612", "TRANSNO1": null, "GRNTNAM1": "MCALLEN  CATHERINE L", "GR1CLRK1": "FDM", "GR1LIBR1": "00421", "GR1FOLO1": "0476", "CONVEY1": "4", "TRADATE": "20180622", "CONSIDR1": 0, "MORTGAG1": 0, "NFMLNDVL": 70000, "NFMIMPVL": 163300, "NFMTTLVL": 233300, "CRTARCOD": null, "FCMACODE": null, "AGFNDAREA": 0.0, "AGFNDLUOM": null, "ENTZNDAT": null, "ENTZNASSM": 0, "PLNDEVDAT": null, "NPRCTSTDAT": null, "NPRCAREA": 0.0, "NPRCLUOM": null, "HOMQLCOD": "A", "HOMQLDAT": null, "BLDG_STORY": null, "BLDG_UNITS": 0, "RESIDENT": 1, "RESI2010": 0, "RESI2000": 0, "RESI1990": 0, "RESIUTHS": 0, "APRTMENT": 0, "TRAILER": 0, "SPECIAL": 0, "OTHER": 1, "PTYPE": 2, "SDATWEBADR": "https://sdat.dat.maryland.gov/RealProperty/Pages/viewdetails.aspx?County=06&SearchType=ACCT&District=04&AccountNumber=019202", "EXISTING": "UPDT2017_18", "MDPVDATE": "2020JUN", "SDATDATE": "2022OCT", "POLYDATE": "2021OCT", "POLYACRES": 1.002, "POLYID": "06-0000000009116" }, "geometry": { "type": "MultiPolygon", "coordinates": [ [ [ [ -75.909546285359426, 38.803498379677556 ], [ -75.910208930526352, 38.803293845704744 ], [ -75.910485507126353, 38.803843447235828 ], [ -75.909822701159555, 38.804047674987864 ], [ -75.909546285359426, 38.803498379677556 ] ] ] ] } },
{ "type": "Feature", "properties": { "JURSCODE": "CARO", "ACCTID": "0604019229", "DIGXCORD": 494696.5, "DIGYCORD": 126881.0, "CT2020": "24011955500", "BG2020": "240119555001", "GEOGCODE": "82", "OOI": "H", "RESITYP": "SF", "ADDRESS": "22950 LYN OAKS DR", "STRTNUM": "22950", "STRTDIR": null, "STRTNAM": "LYN OAKS", "STRTTYP": "DR", "STRTSFX": null, "STRTUNT": null, "ADDRTYP": "P", "CITY": "PRESTON", "ZIPCODE": "21655", "OWNNAME1": "NEPERT ERIC S AND", "OWNNAME2": "CAREY R NEPERT", "NAMEKEY": "NEPERT ERIC S AND", "OWNADD1": "22950 LYN OAKS DR", "OWNADD2": null, "OWNCITY": "PRESTON", "OWNSTATE": "MD", "OWNERZIP": "21655", "OWNZIP2": "1855", "PREMSNUM": "22950", "PREMSDIR": null, "PREMSNAM": "LYN OAKS", "PREMSTYP": "DR", "PREMCITY": "PRESTON", "PREMZIP": "21655", "PREMZIP2": null, "LEGAL1": "IMPS1.39 AC L-11", "LEGAL2": "SW/S GANEYS WHARF RD", "LEGAL3": "LYN OAKS SUB", "DR1CLERK": "FDM", "DR1LIBER": "00415", "DR1FOLIO": "0499", "TOWNCODE": null, "DESCTOWN": null, "SUBDIVSN": null, "DSUBCODE": null, "DESCSUBD": null, "PLAT": "5 347", "PLTLIBER": null, "PLTFOLIO": null, "SECTION": null, "BLOCK": null, "LOT": "11", "MAP": "0041", "GRID": "0008", "PARCEL": "0122", "ZONING": "R", "ZNCHGDAT": null, "RZREALDAT": null, "CIUSE": null, "DESCCIUSE": null, "EXCLASS": null, "DESCEXCL": null, "LU": "R", "DESCLU": "Residential", "ACRES": 1.39, "LANDAREA": 1.39, "LUOM": "A", "WIDTH": 0.0, "DEPTH": 0.0, "PFUW": "0", "PFUS": "2", "PFLW": "1", "PFSP": "0", "PFSU": "0", "PFIC": null, "PFIH": "0", "RECIND": "0", "PERMITTYP": null, "YEARBLT": "1984", "SQFTSTRC": 2352, "STRUGRAD": "3", "DESCGRAD": "Codes range from lowest to highest quality 1-9", "STRUCNST": "0001", "DESCCNST": "CNST Siding", "STRUSTYL": "0001", "DESCSTYL": "STRY 1 Story No Basement", "STRUBLDG": "0001", "DESCBLDG": "DWEL Standard Unit", "LASTINSP": "202101", "LASTASSD": "202101", "ASSESSOR": "0612", "TRANSNO1": "10712", "GRNTNAM1": "DOYLE, MARIANNE V.", "GR1CLRK1": "FDM", "GR1LIBR1": "00260", "GR1FOLO1": "0009", "CONVEY1": "4", "TRADATE": "20010723", "CONSIDR1": 218500, "MORTGAG1": 189800, "NFMLNDVL": 230800, "NFMIMPVL": 151400, "NFMTTLVL": 382200, "CRTARCOD": null, "FCMACODE": null, "AGFNDAREA": 0.0, "AGFNDLUOM": null, "ENTZNDAT": null, "ENTZNASSM": 0, "PLNDEVDAT": null, "NPRCTSTDAT": null, "NPRCAREA": 0.0, "NPRCLUOM": null, "HOMQLCOD": "A", "HOMQLDAT": null, "BLDG_STORY": null, "BLDG_UNITS": 0, "RESIDENT": 1, "RESI2010": 0, "RESI2000": 0, "RESI1990": 0, "RESIUTHS": 0, "APRTMENT": 0, "TRAILER": 0, "SPECIAL": 0, "OTHER": 1, "PTYPE": 2, "SDATWEBADR": "https://sdat.dat.maryland.gov/RealProperty/Pages/viewdetails.aspx?County=06&SearchType=ACCT&District=04&AccountNumber=019229", "EXISTING": "UPDT2017_18", "MDPVDATE": "2020JUN", "SDATDATE": "2022OCT", "POLYDATE": "2021OCT", "POLYACRES": 1.369, "POLYID": "06-0000000009117" }, "geometry": { "type": "MultiPolygon", "coordinates": [ [ [ [ -75.909465362598056, 38.805079877047795 ], [ -75.909628229985316, 38.80505082188877 ], [ -75.909239818722426, 38.804374828493735 ], [ -75.909896787556534, 38.804172405379681 ], [ -75.910236509835215, 38.804861410577217 ], [ -75.910218333595893, 38.804870970732154 ], [ -75.91014668372604, 38.804905707602032 ], [ -75.910057946172728, 38.804951095826254 ], [ -75.909986582540057, 38.804986682134292 ], [ -75.9099102753908, 38.805024798840854 ], [ -75.909826434013965, 38.805066962300863 ], [ -75.909714666400347, 38.805121549690341 ], [ -75.909670101918479, 38.805144602186424 ], [ -75.909631554690691, 38.805167188359498 ], [ -75.909603740423918, 38.80518661349312 ], [ -75.909601804121849, 38.805188253086875 ], [ -75.909586104284827, 38.80520151202569 ], [ -75.909558219450687, 38.805217260748094 ], [ -75.909497185077171, 38.805247438680681 ], [ -75.909460131072407, 38.805263462058583 ], [ -75.909435992594609, 38.805272885290066 ], [ -75.909428305221581, 38.805273390032653 ], [ -75.909415538684044, 38.805215918345866 ], [ -75.909380321018759, 38.805095046510168 ], [ -75.909465362598056, 38.805079877047795 ] ] ] ] } },
{ "type": "Feature", "properties": { "JURSCODE": "CARO", "ACCTID": "0604019237", "DIGXCORD": 494728.6, "DIGYCORD": 126727.9, "CT2020": "24011955500", "BG2020": "240119555001", "GEOGCODE": "82", "OOI": "H", "RESITYP": "SF", "ADDRESS": "7114 GANEYS WHARF ROAD", "STRTNUM": "7114", "STRTDIR": null, "STRTNAM": "GANEYS WHARF", "STRTTYP": "RD", "STRTSFX": null, "STRTUNT": null, "ADDRTYP": "P", "CITY": "PRESTON", "ZIPCODE": "21655", "OWNNAME1": "MILLIGAN ROBERT A JR", "OWNNAME2": "MILLIGAN CARMEN A", "NAMEKEY": "MILLIGAN ROBERT A JR", "OWNADD1": "7114 GANEYS WHARF RD", "OWNADD2": null, "OWNCITY": "PRESTON", "OWNSTATE": "MD", "OWNERZIP": "21655", "OWNZIP2": null, "PREMSNUM": "7114", "PREMSDIR": null, "PREMSNAM": "GANEYS WHARF", "PREMSTYP": "RD", "PREMCITY": "PRESTON", "PREMZIP": "21655", "PREMZIP2": null, "LEGAL1": "IMPS2.00 AC L-7", "LEGAL2": "SW/S GANEYS WHARF RD", "LEGAL3": "LYN OAKS SUB", "DR1CLERK": "FDM", "DR1LIBER": "00726", "DR1FOLIO": "0641", "TOWNCODE": null, "DESCTOWN": null, "SUBDIVSN": null, "DSUBCODE": null, "DESCSUBD": null, "PLAT": "5 347", "PLTLIBER": null, "PLTFOLIO": null, "SECTION": null, "BLOCK": null, "LOT": "7", "MAP": "0041", "GRID": "0008", "PARCEL": "0122", "ZONING": "R", "ZNCHGDAT": null, "RZREALDAT": null, "CIUSE": null, "DESCCIUSE": null, "EXCLASS": null, "DESCEXCL": null, "LU": "R", "DESCLU": "Residential", "ACRES": 2.0, "LANDAREA": 2.0, "LUOM": "A", "WIDTH": 0.0, "DEPTH": 0.0, "PFUW": "0", "PFUS": "2", "PFLW": "0", "PFSP": "0", "PFSU": "0", "PFIC": null, "PFIH": "0", "RECIND": "0", "PERMITTYP": "RAP", "YEARBLT": "2000", "SQFTSTRC": 2746, "STRUGRAD": "5", "DESCGRAD": "Codes range from lowest to highest quality 1-9", "STRUCNST": "0001", "DESCCNST": "CNST Siding", "STRUSTYL": "0003", "DESCSTYL": "STRY 1.5 Story No Basement", "STRUBLDG": "0001", "DESCBLDG": "DWEL Standard Unit", "LASTINSP": "202004", "LASTASSD": "202101", "ASSESSOR": "0612", "TRANSNO1": "61392", "GRNTNAM1": "MILLIGAN, ROBERT A. JR AND", "GR1CLRK1": "FDM", "GR1LIBR1": "00322", "GR1FOLO1": "0041", "CONVEY1": "4", "TRADATE": "20061130", "CONSIDR1": 0, "MORTGAG1": 367000, "NFMLNDVL": 75000, "NFMIMPVL": 301700, "NFMTTLVL": 376700, "CRTARCOD": null, "FCMACODE": null, "AGFNDAREA": 0.0, "AGFNDLUOM": null, "ENTZNDAT": null, "ENTZNASSM": 0, "PLNDEVDAT": null, "NPRCTSTDAT": null, "NPRCAREA": 0.0, "NPRCLUOM": null, "HOMQLCOD": "A", "HOMQLDAT": null, "BLDG_STORY": null, "BLDG_UNITS": 0, "RESIDENT": 1, "RESI2010": 0, "RESI2000": 1, "RESI1990": 0, "RESIUTHS": 0, "APRTMENT": 0, "TRAILER": 0, "SPECIAL": 0, "OTHER": 1, "PTYPE": 2, "SDATWEBADR": "https://sdat.dat.maryland.gov/RealProperty/Pages/viewdetails.aspx?County=06&SearchType=ACCT&District=04&AccountNumber=019237", "EXISTING": "UPDT2017_18", "MDPVDATE": "2020JUN", "SDATDATE": "2022OCT", "POLYDATE": "2021OCT", "POLYACRES": 2.0, "POLYID": "06-0000000009118" }, "geometry": { "type": "MultiPolygon", "coordinates": [ [ [ [ -75.908555176290619, 38.803214712158983 ], [ -75.909935352890145, 38.802750199484983 ], [ -75.910118180960524, 38.803113499396524 ], [ -75.910208930526352, 38.803293845704744 ], [ -75.909546285359426, 38.803498379677556 ], [ -75.908849811633232, 38.803713341533147 ], [ -75.908598361854288, 38.80328941473914 ], [ -75.908555176290619, 38.803214712158983 ] ] ] ] } },
{ "type": "Feature", "properties": { "JURSCODE": "CARO", "ACCTID": "0604023072", "DIGXCORD": 494566.6, "DIGYCORD": 126821.5, "CT2020": "24011955500", "BG2020": "240119555001", "GEOGCODE": "82", "OOI": "H", "RESITYP": "SF", "ADDRESS": "22926 LYN OAKS DR", "STRTNUM": "22926", "STRTDIR": null, "STRTNAM": "LYN OAKS", "STRTTYP": "DR", "STRTSFX": null, "STRTUNT": null, "ADDRTYP": "P", "CITY": "PRESTON", "ZIPCODE": "21655", "OWNNAME1": "TODD PROPERTY TRUS", "OWNNAME2": "TODD GLEN M CO-TRUSTEE", "NAMEKEY": "TODD PROPERTY TRUS", "OWNADD1": "22926 LYN OAKS DRIVE", "OWNADD2": null, "OWNCITY": "PRESTON", "OWNSTATE": "MD", "OWNERZIP": "21655", "OWNZIP2": null, "PREMSNUM": "22926", "PREMSDIR": null, "PREMSNAM": "LYN OAKS", "PREMSTYP": "DR", "PREMCITY": "PRESTON", "PREMZIP": "21655", "PREMZIP2": null, "LEGAL1": "IMPS1.69AC", "LEGAL2": "SW/S GANEY WHARF ROAD", "LEGAL3": "NW OF HARMONY", "DR1CLERK": null, "DR1LIBER": "01533", "DR1FOLIO": "0001", "TOWNCODE": null, "DESCTOWN": null, "SUBDIVSN": null, "DSUBCODE": null, "DESCSUBD": null, "PLAT": "6 142", "PLTLIBER": null, "PLTFOLIO": null, "SECTION": null, "BLOCK": null, "LOT": null, "MAP": "0041", "GRID": "0008", "PARCEL": "0159", "ZONING": "R", "ZNCHGDAT": null, "RZREALDAT": null, "CIUSE": null, "DESCCIUSE": null, "EXCLASS": null, "DESCEXCL": null, "LU": "R", "DESCLU": "Residential", "ACRES": 1.69, "LANDAREA": 1.69, "LUOM": "A", "WIDTH": 0.0, "DEPTH": 0.0, "PFUW": "2", "PFUS": "2", "PFLW": "1", "PFSP": "0", "PFSU": "0", "PFIC": null, "PFIH": "0", "RECIND": "0", "PERMITTYP": "RAP", "YEARBLT": "1992", "SQFTSTRC": 3918, "STRUGRAD": "5", "DESCGRAD": "Codes range from lowest to highest quality 1-9", "STRUCNST": "0001", "DESCCNST": "CNST Siding", "STRUSTYL": "0003", "DESCSTYL": "STRY 1.5 Story No Basement", "STRUBLDG": "0001", "DESCBLDG": "DWEL Standard Unit", "LASTINSP": "202101", "LASTASSD": "202101", "ASSESSOR": "0612", "TRANSNO1": null, "GRNTNAM1": "TODD GLEN M", "GR1CLRK1": null, "GR1LIBR1": "01007", "GR1FOLO1": "0271", "CONVEY1": "4", "TRADATE": "20211028", "CONSIDR1": 0, "MORTGAG1": 0, "NFMLNDVL": 235300, "NFMIMPVL": 356100, "NFMTTLVL": 591400, "CRTARCOD": null, "FCMACODE": null, "AGFNDAREA": 0.0, "AGFNDLUOM": null, "ENTZNDAT": null, "ENTZNASSM": 0, "PLNDEVDAT": null, "NPRCTSTDAT": null, "NPRCAREA": 0.0, "NPRCLUOM": null, "HOMQLCOD": "A", "HOMQLDAT": null, "BLDG_STORY": null, "BLDG_UNITS": 0, "RESIDENT": 1, "RESI2010": 0, "RESI2000": 0, "RESI1990": 1, "RESIUTHS": 0, "APRTMENT": 0, "TRAILER": 0, "SPECIAL": 0, "OTHER": 1, "PTYPE": 2, "SDATWEBADR": "https://sdat.dat.maryland.gov/RealProperty/Pages/viewdetails.aspx?County=06&SearchType=ACCT&District=04&AccountNumber=023072", "EXISTING": "UPDT2017_18", "MDPVDATE": "2020JUN", "SDATDATE": "2022OCT", "POLYDATE": "2021OCT", "POLYACRES": 1.772, "POLYID": "06-0000000009418" }, "geometry": { "type": "MultiPolygon", "coordinates": [ [ [ [ -75.910549796507198, 38.803971193897745 ], [ -75.910813376056737, 38.803877526627616 ], [ -75.911111043944388, 38.803781753402419 ], [ -75.911506985202323, 38.803655319037617 ], [ -75.911832257278121, 38.804318760857484 ], [ -75.911817078440848, 38.804330358255129 ], [ -75.911791479905276, 38.804341948572564 ], [ -75.911751784973703, 38.804353029037486 ], [ -75.911709895485444, 38.804364566507665 ], [ -75.911674788340818, 38.804374536560246 ], [ -75.911639944258638, 38.804387644246347 ], [ -75.911599480806814, 38.80440835730171 ], [ -75.911572960382657, 38.804422263338267 ], [ -75.911535087573398, 38.804439189657657 ], [ -75.911494156022741, 38.804454348662929 ], [ -75.911460677813906, 38.804467730303017 ], [ -75.911436024921429, 38.804479969015503 ], [ -75.911408266305685, 38.804489746274456 ], [ -75.911393003377896, 38.804494009370238 ], [ -75.911361828847504, 38.804497502388195 ], [ -75.911329557107123, 38.804501219399761 ], [ -75.911302333943411, 38.80450381231293 ], [ -75.911270296070896, 38.804510315323114 ], [ -75.911234920192513, 38.804519778223558 ], [ -75.911190637383555, 38.80453195985649 ], [ -75.911128680852244, 38.804546427049075 ], [ -75.911048899665147, 38.804569304599326 ], [ -75.910985798875402, 38.804583301570716 ], [ -75.91089585562078, 38.804607390508295 ], [ -75.910872946313091, 38.804612492096354 ], [ -75.910549796507198, 38.803971193897745 ] ] ] ] } },
{ "type": "Feature", "properties": { "JURSCODE": "CARO", "ACCTID": "0604023897", "DIGXCORD": 494652.3, "DIGYCORD": 126624.9, "CT2020": "24011955500", "BG2020": "240119555001", "GEOGCODE": "82", "OOI": "N", "RESITYP": "SF", "ADDRESS": null, "STRTNUM": null, "STRTDIR": null, "STRTNAM": null, "STRTTYP": null, "STRTSFX": null, "STRTUNT": null, "ADDRTYP": null, "CITY": "PRESTON", "ZIPCODE": "21655", "OWNNAME1": "BISCOE WILLIAM DUDLEY", "OWNNAME2": null, "NAMEKEY": "BISCOE WILLIAM DUDLEY", "OWNADD1": "6474 BELL CREEK RD", "OWNADD2": null, "OWNCITY": "PRESTON", "OWNSTATE": "MD", "OWNERZIP": "21655", "OWNZIP2": "1819", "PREMSNUM": null, "PREMSDIR": null, "PREMSNAM": null, "PREMSTYP": null, "PREMCITY": null, "PREMZIP": null, "PREMZIP2": null, "LEGAL1": "1.38 AC L-2", "LEGAL2": "S/S LYN-OAKS DRIVE", "LEGAL3": "NW OF HARMONY", "DR1CLERK": "FDM", "DR1LIBER": "00272", "DR1FOLIO": "0753", "TOWNCODE": null, "DESCTOWN": null, "SUBDIVSN": null, "DSUBCODE": null, "DESCSUBD": null, "PLAT": "6 133", "PLTLIBER": null, "PLTFOLIO": null, "SECTION": null, "BLOCK": null, "LOT": "2", "MAP": "0041", "GRID": "0008", "PARCEL": "0160", "ZONING": "R", "ZNCHGDAT": null, "RZREALDAT": null, "CIUSE": null, "DESCCIUSE": null, "EXCLASS": null, "DESCEXCL": null, "LU": "R", "DESCLU": "Residential", "ACRES": 1.38, "LANDAREA": 1.38, "LUOM": "A", "WIDTH": 0.0, "DEPTH": 0.0, "PFUW": "2", "PFUS": "2", "PFLW": "0", "PFSP": "0", "PFSU": "0", "PFIC": null, "PFIH": "0", "RECIND": "0", "PERMITTYP": null, "YEARBLT": null, "SQFTSTRC": 0, "STRUGRAD": null, "DESCGRAD": null, "STRUCNST": null, "DESCCNST": null, "STRUSTYL": null, "DESCSTYL": null, "STRUBLDG": null, "DESCBLDG": null, "LASTINSP": "202101", "LASTASSD": "202101", "ASSESSOR": "0612", "TRANSNO1": "940758", "GRNTNAM1": "HOUSE, JOHN O JR &", "GR1CLRK1": null, "GR1LIBR1": null, "GR1FOLO1": null, "CONVEY1": "2", "TRADATE": "19941005", "CONSIDR1": 15000, "MORTGAG1": 0, "NFMLNDVL": 51900, "NFMIMPVL": 0, "NFMTTLVL": 51900, "CRTARCOD": null, "FCMACODE": null, "AGFNDAREA": 0.0, "AGFNDLUOM": null, "ENTZNDAT": null, "ENTZNASSM": 0, "PLNDEVDAT": null, "NPRCTSTDAT": null, "NPRCAREA": 0.0, "NPRCLUOM": null, "HOMQLCOD": null, "HOMQLDAT": null, "BLDG_STORY": null, "BLDG_UNITS": 0, "RESIDENT": 0, "RESI2010": 0, "RESI2000": 0, "RESI1990": 0, "RESIUTHS": 0, "APRTMENT": 0, "TRAILER": 0, "SPECIAL": 0, "OTHER": 0, "PTYPE": 2, "SDATWEBADR": "https://sdat.dat.maryland.gov/RealProperty/Pages/viewdetails.aspx?County=06&SearchType=ACCT&District=04&AccountNumber=023897", "EXISTING": "UPDT2017_18", "MDPVDATE": "2020JUN", "SDATDATE": "2022OCT", "POLYDATE": "2021OCT", "POLYACRES": 1.366, "POLYID": "06-0000000009489" }, "geometry": { "type": "MultiPolygon", "coordinates": [ [ [ [ -75.909865535230963, 38.802068832167926 ], [ -75.910095534474834, 38.801913383232929 ], [ -75.910231669784849, 38.801929781126496 ], [ -75.910501270678481, 38.801932298706106 ], [ -75.910570010972691, 38.801943201962715 ], [ -75.911083222098128, 38.802919361244996 ], [ -75.91079748208341, 38.80297684863222 ], [ -75.910548225184371, 38.802501396063718 ], [ -75.91016985439984, 38.802581260683183 ], [ -75.90989287931248, 38.802114854225088 ], [ -75.909865535230963, 38.802068832167926 ] ] ] ] } },
{ "type": "Feature", "properties": { "JURSCODE": "CARO", "ACCTID": "0604023900", "DIGXCORD": 494647.4, "DIGYCORD": 126680.7, "CT2020": "24011955500", "BG2020": "240119555001", "GEOGCODE": "82", "OOI": "H", "RESITYP": "SF", "ADDRESS": "22915 LYN OAKS DR", "STRTNUM": "22915", "STRTDIR": null, "STRTNAM": "LYN OAKS", "STRTTYP": "DR", "STRTSFX": null, "STRTUNT": null, "ADDRTYP": "P", "CITY": "PRESTON", "ZIPCODE": "21655", "OWNNAME1": "MELTON MATTHEW J", "OWNNAME2": null, "NAMEKEY": "MELTON MATTHEW J", "OWNADD1": "22915 LYN OAKS DR", "OWNADD2": null, "OWNCITY": "PRESTON", "OWNSTATE": "MD", "OWNERZIP": "21655", "OWNZIP2": "1855", "PREMSNUM": "22915", "PREMSDIR": null, "PREMSNAM": "LYN OAKS", "PREMSTYP": "DR", "PREMCITY": "PRESTON", "PREMZIP": "21655", "PREMZIP2": null, "LEGAL1": "IMPS1.18 AC L-3", "LEGAL2": "S/S LYN-OAKS DRIVE", "LEGAL3": "NW OF HARMONY", "DR1CLERK": null, "DR1LIBER": "01365", "DR1FOLIO": "0291", "TOWNCODE": null, "DESCTOWN": null, "SUBDIVSN": null, "DSUBCODE": null, "DESCSUBD": null, "PLAT": "6 133", "PLTLIBER": null, "PLTFOLIO": null, "SECTION": null, "BLOCK": null, "LOT": "3", "MAP": "0041", "GRID": "0008", "PARCEL": "0160", "ZONING": "R", "ZNCHGDAT": null, "RZREALDAT": null, "CIUSE": null, "DESCCIUSE": null, "EXCLASS": null, "DESCEXCL": null, "LU": "R", "DESCLU": "Residential", "ACRES": 1.18, "LANDAREA": 1.18, "LUOM": "A", "WIDTH": 0.0, "DEPTH": 0.0, "PFUW": "2", "PFUS": "2", "PFLW": "0", "PFSP": "0", "PFSU": "0", "PFIC": null, "PFIH": "0", "RECIND": "0", "PERMITTYP": "Z", "YEARBLT": "1997", "SQFTSTRC": 2204, "STRUGRAD": "4", "DESCGRAD": "Codes range from lowest to highest quality 1-9", "STRUCNST": "0001", "DESCCNST": "CNST Siding", "STRUSTYL": "0003", "DESCSTYL": "STRY 1.5 Story No Basement", "STRUBLDG": "0001", "DESCBLDG": "DWEL Standard Unit", "LASTINSP": "202001", "LASTASSD": "202101", "ASSESSOR": "0612", "TRANSNO1": null, "GRNTNAM1": "GRIFFITH DANIELLE N", "GR1CLRK1": null, "GR1LIBR1": "01171", "GR1FOLO1": "0497", "CONVEY1": "1", "TRADATE": "20190711", "CONSIDR1": 299000, "MORTGAG1": 306176, "NFMLNDVL": 70900, "NFMIMPVL": 219000, "NFMTTLVL": 289900, "CRTARCOD": null, "FCMACODE": null, "AGFNDAREA": 0.0, "AGFNDLUOM": null, "ENTZNDAT": null, "ENTZNASSM": 0, "PLNDEVDAT": null, "NPRCTSTDAT": null, "NPRCAREA": 0.0, "NPRCLUOM": null, "HOMQLCOD": null, "HOMQLDAT": null, "BLDG_STORY": null, "BLDG_UNITS": 0, "RESIDENT": 1, "RESI2010": 0, "RESI2000": 0, "RESI1990": 1, "RESIUTHS": 0, "APRTMENT": 0, "TRAILER": 0, "SPECIAL": 0, "OTHER": 1, "PTYPE": 2, "SDATWEBADR": "https://sdat.dat.maryland.gov/RealProperty/Pages/viewdetails.aspx?County=06&SearchType=ACCT&District=04&AccountNumber=023900", "EXISTING": "UPDT2017_18", "MDPVDATE": "2020JUN", "SDATDATE": "2022OCT", "POLYDATE": "2021OCT", "POLYACRES": 1.18, "POLYID": "06-0000000009490" }, "geometry": { "type": "MultiPolygon", "coordinates": [ [ [ [ -75.909935352890145, 38.802750199484983 ], [ -75.909661756257108, 38.802206561373254 ], [ -75.909865535230963, 38.802068832167926 ], [ -75.90989287931248, 38.802114854225088 ], [ -75.91016985439984, 38.802581260683183 ], [ -75.910548225184371, 38.802501396063718 ], [ -75.91079748208341, 38.80297684863222 ], [ -75.910118180960524, 38.803113499396524 ], [ -75.909935352890145, 38.802750199484983 ] ] ] ] } },
{ "type": "Feature", "properties": { "JURSCODE": "CARO", "ACCTID": "0608000581", "DIGXCORD": 494996.0, "DIGYCORD": 126759.3, "CT2020": "24011955400", "BG2020": "240119554001", "GEOGCODE": "81", "OOI": "H", "RESITYP": "SF", "ADDRESS": "7107 DOGWOOD DR", "STRTNUM": "7107", "STRTDIR": null, "STRTNAM": "DOGWOOD", "STRTTYP": "DR", "STRTSFX": null, "STRTUNT": null, "ADDRTYP": "P", "CITY": "PRESTON", "ZIPCODE": "21655", "OWNNAME1": "LOMBARDI DAVID A", "OWNNAME2": "LOMBARDI KAREN P", "NAMEKEY": "LOMBARDI DAVID A", "OWNADD1": "7107 DOGWOOD DR", "OWNADD2": null, "OWNCITY": "PRESTON", "OWNSTATE": "MD", "OWNERZIP": "21655", "OWNZIP2": "1854", "PREMSNUM": "7107", "PREMSDIR": null, "PREMSNAM": "DOGWOOD", "PREMSTYP": "DR", "PREMCITY": "PRESTON", "PREMZIP": "21655", "PREMZIP2": "1854", "LEGAL1": "IMPS38,855 LOT 6", "LEGAL2": "DOGWOOD DRIVE", "LEGAL3": "NEW HOPE SUB 79", "DR1CLERK": "FDM", "DR1LIBER": "00882", "DR1FOLIO": "0233", "TOWNCODE": null, "DESCTOWN": null, "SUBDIVSN": null, "DSUBCODE": null, "DESCSUBD": null, "PLAT": "1 13", "PLTLIBER": null, "PLTFOLIO": null, "SECTION": null, "BLOCK": null, "LOT": "6", "MAP": "0041", "GRID": "0008", "PARCEL": "0079", "ZONING": "R", "ZNCHGDAT": null, "RZREALDAT": null, "CIUSE": null, "DESCCIUSE": null, "EXCLASS": null, "DESCEXCL": null, "LU": "R", "DESCLU": "Residential", "ACRES": 0.892, "LANDAREA": 38855.0, "LUOM": "S", "WIDTH": 0.0, "DEPTH": 0.0, "PFUW": "0", "PFUS": "2", "PFLW": "1", "PFSP": "0", "PFSU": "0", "PFIC": null, "PFIH": "0", "RECIND": "0", "PERMITTYP": "NCP", "YEARBLT": "2012", "SQFTSTRC": 1805, "STRUGRAD": "7", "DESCGRAD": "Codes range from lowest to highest quality 1-9", "STRUCNST": "0001", "DESCCNST": "CNST Siding", "STRUSTYL": "0001", "DESCSTYL": "STRY 1 Story No Basement", "STRUBLDG": "0001", "DESCBLDG": "DWEL Standard Unit", "LASTINSP": "201811", "LASTASSD": "202001", "ASSESSOR": null, "TRANSNO1": "90592", "GRNTNAM1": "ASLIN, RICHARD L. AND", "GR1CLRK1": "FDM", "GR1LIBR1": "00492", "GR1FOLO1": "0611", "CONVEY1": "1", "TRADATE": "20091009", "CONSIDR1": 250000, "MORTGAG1": 200000, "NFMLNDVL": 161400, "NFMIMPVL": 301300, "NFMTTLVL": 462700, "CRTARCOD": null, "FCMACODE": null, "AGFNDAREA": 0.0, "AGFNDLUOM": null, "ENTZNDAT": null, "ENTZNASSM": 0, "PLNDEVDAT": null, "NPRCTSTDAT": null, "NPRCAREA": 0.0, "NPRCLUOM": null, "HOMQLCOD": "A", "HOMQLDAT": null, "BLDG_STORY": null, "BLDG_UNITS": 0, "RESIDENT": 1, "RESI2010": 1, "RESI2000": 0, "RESI1990": 0, "RESIUTHS": 0, "APRTMENT": 0, "TRAILER": 0, "SPECIAL": 0, "OTHER": 1, "PTYPE": 2, "SDATWEBADR": "https://sdat.dat.maryland.gov/RealProperty/Pages/viewdetails.aspx?County=06&SearchType=ACCT&District=08&AccountNumber=000581", "EXISTING": "UPDT2017_18", "MDPVDATE": "2020JUN", "SDATDATE": "2022OCT", "POLYDATE": "2021OCT", "POLYACRES": 0.827, "POLYID": "06-0000000015438" }, "geometry": { "type": "MultiPolygon", "coordinates": [ [ [ [ -75.905904286061229, 38.803938441235161 ], [ -75.905926583833974, 38.803872531963236 ], [ -75.906136492519636, 38.803234433991072 ], [ -75.906271996751343, 38.803259073967233 ], [ -75.906406015777804, 38.803288231481098 ], [ -75.906538308564492, 38.803321859232994 ], [ -75.906668645724878, 38.803359901024088 ], [ -75.906342697077307, 38.803982912128888 ], [ -75.906305101742134, 38.803973370405956 ], [ -75.906249544419651, 38.803965390072349 ], [ -75.90617743515061, 38.803957867182248 ], [ -75.906069613463572, 38.803952432926096 ], [ -75.905986654642064, 38.803946664095506 ], [ -75.905909505283716, 38.803938958648452 ], [ -75.905904883851562, 38.803938500895192 ], [ -75.905904286061229, 38.803938441235161 ] ] ] ] } },
{ "type": "Feature", "properties": { "JURSCODE": "CARO", "ACCTID": "0608002088", "DIGXCORD": 494917.7, "DIGYCORD": 126811.7, "CT2020": "24011955400", "BG2020": "240119554001", "GEOGCODE": "81", "OOI": "H", "RESITYP": "SF", "ADDRESS": "7117 DOGWOOD DR", "STRTNUM": "7117", "STRTDIR": null, "STRTNAM": "DOGWOOD", "STRTTYP": "DR", "STRTSFX": null, "STRTUNT": null, "ADDRTYP": "P", "CITY": "PRESTON", "ZIPCODE": "21655", "OWNNAME1": "EPPLE RICHARD R ETAL", "OWNNAME2": "EPPLE ANGELA ETAL", "NAMEKEY": "EPPLE RICHARD R ETAL", "OWNADD1": "7117 DOGWOOD DR", "OWNADD2": null, "OWNCITY": "PRESTON", "OWNSTATE": "MD", "OWNERZIP": "21655", "OWNZIP2": "1854", "PREMSNUM": "7117", "PREMSDIR": null, "PREMSNAM": "DOGWOOD", "PREMSTYP": "DR", "PREMCITY": "PRESTON", "PREMZIP": "21655", "PREMZIP2": "1854", "LEGAL1": "IMPS38,609 SF L-4", "LEGAL2": "DOGWOOD DRIVE", "LEGAL3": "NEW HOPE SUB 79", "DR1CLERK": "FDM", "DR1LIBER": "00577", "DR1FOLIO": "0071", "TOWNCODE": null, "DESCTOWN": null, "SUBDIVSN": null, "DSUBCODE": null, "DESCSUBD": null, "PLAT": "1 13", "PLTLIBER": null, "PLTFOLIO": null, "SECTION": null, "BLOCK": null, "LOT": "4", "MAP": "0041", "GRID": "0008", "PARCEL": "0079", "ZONING": "R", "ZNCHGDAT": null, "RZREALDAT": null, "CIUSE": null, "DESCCIUSE": null, "EXCLASS": null, "DESCEXCL": null, "LU": "R", "DESCLU": "Residential", "ACRES": 0.886, "LANDAREA": 38609.0, "LUOM": "S", "WIDTH": 116.71, "DEPTH": 243.5, "PFUW": "2", "PFUS": "2", "PFLW": "1", "PFSP": "0", "PFSU": "0", "PFIC": null, "PFIH": "0", "RECIND": "0", "PERMITTYP": null, "YEARBLT": "1998", "SQFTSTRC": 1706, "STRUGRAD": "4", "DESCGRAD": "Codes range from lowest to highest quality 1-9", "STRUCNST": "0001", "DESCCNST": "CNST Siding", "STRUSTYL": "0002", "DESCSTYL": "STRY 1 Story With Basement", "STRUBLDG": "0001", "DESCBLDG": "DWEL Standard Unit", "LASTINSP": "201811", "LASTASSD": "202001", "ASSESSOR": null, "TRANSNO1": "41483", "GRNTNAM1": "EPPLE, RICHARD R. & ANGELA", "GR1CLRK1": "FDM", "GR1LIBR1": "00252", "GR1FOLO1": "0359", "CONVEY1": "4", "TRADATE": "20041213", "CONSIDR1": 1, "MORTGAG1": 0, "NFMLNDVL": 161200, "NFMIMPVL": 159500, "NFMTTLVL": 320700, "CRTARCOD": null, "FCMACODE": null, "AGFNDAREA": 0.0, "AGFNDLUOM": null, "ENTZNDAT": null, "ENTZNASSM": 0, "PLNDEVDAT": null, "NPRCTSTDAT": null, "NPRCAREA": 0.0, "NPRCLUOM": null, "HOMQLCOD": null, "HOMQLDAT": null, "BLDG_STORY": null, "BLDG_UNITS": 0, "RESIDENT": 1, "RESI2010": 0, "RESI2000": 0, "RESI1990": 1, "RESIUTHS": 0, "APRTMENT": 0, "TRAILER": 0, "SPECIAL": 0, "OTHER": 1, "PTYPE": 2, "SDATWEBADR": "https://sdat.dat.maryland.gov/RealProperty/Pages/viewdetails.aspx?County=06&SearchType=ACCT&District=08&AccountNumber=002088", "EXISTING": "UPDT2017_18", "MDPVDATE": "2020JUN", "SDATDATE": "2022OCT", "POLYDATE": "2021OCT", "POLYACRES": 0.822, "POLYID": "06-0000000015556" }, "geometry": { "type": "MultiPolygon", "coordinates": [ [ [ [ -75.906800219146604, 38.80411404848374 ], [ -75.906831748438577, 38.804065550174137 ], [ -75.907164027195634, 38.803550076481372 ], [ -75.907281174340653, 38.803599922195943 ], [ -75.907354930292811, 38.80362773947639 ], [ -75.907431278609053, 38.803650923239296 ], [ -75.907509715235193, 38.803669306595395 ], [ -75.907589781060594, 38.803682795150912 ], [ -75.907670936527609, 38.803691284750833 ], [ -75.907280409078453, 38.804288360045163 ], [ -75.907263659301648, 38.804309275649771 ], [ -75.907250656126536, 38.804304288927717 ], [ -75.907215079467903, 38.804291469047762 ], [ -75.907190644145302, 38.804282663478254 ], [ -75.907146245353019, 38.804268517690673 ], [ -75.907075249256209, 38.804246906428354 ], [ -75.907037147262884, 38.804224558162794 ], [ -75.907006562157193, 38.804200802788579 ], [ -75.906983653110416, 38.804186308664285 ], [ -75.906946940420127, 38.804167225693675 ], [ -75.906893920588402, 38.804146143072103 ], [ -75.906850093806256, 38.804130741244258 ], [ -75.906800219146604, 38.80411404848374 ] ] ] ] } },
{ "type": "Feature", "properties": { "JURSCODE": "CARO", "ACCTID": "0608003394", "DIGXCORD": 494963.2, "DIGYCORD": 126794.1, "CT2020": "24011955400", "BG2020": "240119554001", "GEOGCODE": "81", "OOI": "H", "RESITYP": "SF", "ADDRESS": "7113 DOGWOOD DR", "STRTNUM": "7113", "STRTDIR": null, "STRTNAM": "DOGWOOD", "STRTTYP": "DR", "STRTSFX": null, "STRTUNT": null, "ADDRTYP": "P", "CITY": "PRESTON", "ZIPCODE": "21655", "OWNNAME1": "DYER NEAL E", "OWNNAME2": "DYER SHEILA W", "NAMEKEY": "DYER NEAL E", "OWNADD1": "7113 DOGWOOD DR", "OWNADD2": null, "OWNCITY": "PRESTON", "OWNSTATE": "MD", "OWNERZIP": "21655", "OWNZIP2": "1854", "PREMSNUM": "7113", "PREMSDIR": null, "PREMSNAM": "DOGWOOD", "PREMSTYP": "DR", "PREMCITY": "PRESTON", "PREMZIP": "21655", "PREMZIP2": "1854", "LEGAL1": "IMPS36,385 SF L-5", "LEGAL2": "DOGWOOD DRIVE", "LEGAL3": "NEW HOPE SUB 79", "DR1CLERK": "FDM", "DR1LIBER": "00498", "DR1FOLIO": "0125", "TOWNCODE": null, "DESCTOWN": null, "SUBDIVSN": null, "DSUBCODE": null, "DESCSUBD": null, "PLAT": "1 13", "PLTLIBER": null, "PLTFOLIO": null, "SECTION": null, "BLOCK": null, "LOT": "5", "MAP": "0041", "GRID": "0008", "PARCEL": "0079", "ZONING": "R", "ZNCHGDAT": null, "RZREALDAT": null, "CIUSE": null, "DESCCIUSE": null, "EXCLASS": null, "DESCEXCL": null, "LU": "R", "DESCLU": "Residential", "ACRES": 0.835, "LANDAREA": 36385.0, "LUOM": "S", "WIDTH": 130.7, "DEPTH": 210.26, "PFUW": "0", "PFUS": "0", "PFLW": "1", "PFSP": "0", "PFSU": "0", "PFIC": null, "PFIH": "0", "RECIND": "0", "PERMITTYP": "RAP", "YEARBLT": "2005", "SQFTSTRC": 1656, "STRUGRAD": "4", "DESCGRAD": "Codes range from lowest to highest quality 1-9", "STRUCNST": "0013", "DESCCNST": "CNST Log", "STRUSTYL": "0004", "DESCSTYL": "STRY 1.5 Story With Basement", "STRUBLDG": "0001", "DESCBLDG": "DWEL Standard Unit", "LASTINSP": "201811", "LASTASSD": "202001", "ASSESSOR": null, "TRANSNO1": "30717", "GRNTNAM1": "MAGINNES, FAIRLIE A.", "GR1CLRK1": "FDM", "GR1LIBR1": "00270", "GR1FOLO1": "0576", "CONVEY1": "2", "TRADATE": "20030722", "CONSIDR1": 125000, "MORTGAG1": 0, "NFMLNDVL": 158900, "NFMIMPVL": 161800, "NFMTTLVL": 320700, "CRTARCOD": null, "FCMACODE": null, "AGFNDAREA": 0.0, "AGFNDLUOM": null, "ENTZNDAT": null, "ENTZNASSM": 0, "PLNDEVDAT": null, "NPRCTSTDAT": null, "NPRCAREA": 0.0, "NPRCLUOM": null, "HOMQLCOD": "A", "HOMQLDAT": null, "BLDG_STORY": null, "BLDG_UNITS": 0, "RESIDENT": 1, "RESI2010": 0, "RESI2000": 1, "RESI1990": 0, "RESIUTHS": 0, "APRTMENT": 0, "TRAILER": 0, "SPECIAL": 0, "OTHER": 1, "PTYPE": 2, "SDATWEBADR": "https://sdat.dat.maryland.gov/RealProperty/Pages/viewdetails.aspx?County=06&SearchType=ACCT&District=08&AccountNumber=003394", "EXISTING": "UPDT2017_18", "MDPVDATE": "2020JUN", "SDATDATE": "2022OCT", "POLYDATE": "2021OCT", "POLYACRES": 0.807, "POLYID": "06-0000000039486" }, "geometry": { "type": "MultiPolygon", "coordinates": [ [ [ [ -75.906342697077307, 38.803982912128888 ], [ -75.906668645724878, 38.803359901024088 ], [ -75.90678760172203, 38.803399088317718 ], [ -75.906904475407913, 38.803441940734736 ], [ -75.907019071784759, 38.803488411408878 ], [ -75.907164027195634, 38.803550076481372 ], [ -75.906831748438577, 38.804065550174137 ], [ -75.906800219146604, 38.80411404848374 ], [ -75.906785144446474, 38.804109006265307 ], [ -75.906769554816847, 38.804104508780306 ], [ -75.906708732435376, 38.804086956642898 ], [ -75.906616894082319, 38.804054257728247 ], [ -75.906511562147486, 38.804023801706336 ], [ -75.906430107825813, 38.804003227198649 ], [ -75.906360053350298, 38.80398707487111 ], [ -75.906349727531406, 38.803984698773277 ], [ -75.906342697077307, 38.803982912128888 ] ] ] ] } },
{ "type": "Feature", "properties": { "JURSCODE": "CARO", "ACCTID": "0608003505", "DIGXCORD": 494875.5, "DIGYCORD": 126831.0, "CT2020": "24011955400", "BG2020": "240119554001", "GEOGCODE": "81", "OOI": "H", "RESITYP": "SF", "ADDRESS": "7121 DOGWOOD DR", "STRTNUM": "7121", "STRTDIR": null, "STRTNAM": "DOGWOOD", "STRTTYP": "DR", "STRTSFX": null, "STRTUNT": null, "ADDRTYP": "P", "CITY": "PRESTON", "ZIPCODE": "21655", "OWNNAME1": "EPPLE RICHARD R JR", "OWNNAME2": "EPPLE JANET L", "NAMEKEY": "EPPLE RICHARD R JR", "OWNADD1": "7121 DOGWOOD DRIVE", "OWNADD2": null, "OWNCITY": "PRESTON", "OWNSTATE": "MD", "OWNERZIP": "21655", "OWNZIP2": null, "PREMSNUM": "7121", "PREMSDIR": null, "PREMSNAM": "DOGWOOD", "PREMSTYP": "DR", "PREMCITY": "PRESTON", "PREMZIP": "21655", "PREMZIP2": null, "LEGAL1": "IMPS1.08 AC LOT 3", "LEGAL2": "DOGWOOD DRIVE", "LEGAL3": "NEW HOPE SUB 79", "DR1CLERK": null, "DR1LIBER": "01079", "DR1FOLIO": "0215", "TOWNCODE": null, "DESCTOWN": null, "SUBDIVSN": null, "DSUBCODE": null, "DESCSUBD": null, "PLAT": "1 13", "PLTLIBER": "0000018", "PLTFOLIO": "0078", "SECTION": null, "BLOCK": null, "LOT": "3", "MAP": "0041", "GRID": "0008", "PARCEL": "0079", "ZONING": "R", "ZNCHGDAT": null, "RZREALDAT": null, "CIUSE": null, "DESCCIUSE": null, "EXCLASS": null, "DESCEXCL": null, "LU": "R", "DESCLU": "Residential", "ACRES": 1.08, "LANDAREA": 1.08, "LUOM": "A", "WIDTH": 158.0, "DEPTH": 357.47, "PFUW": "0", "PFUS": "2", "PFLW": "1", "PFSP": "0", "PFSU": "0", "PFIC": null, "PFIH": "0", "RECIND": "0", "PERMITTYP": "NCP", "YEARBLT": "1978", "SQFTSTRC": 2486, "STRUGRAD": "4", "DESCGRAD": "Codes range from lowest to highest quality 1-9", "STRUCNST": "0001", "DESCCNST": "CNST Siding", "STRUSTYL": "0001", "DESCSTYL": "STRY 1 Story No Basement", "STRUBLDG": "0001", "DESCBLDG": "DWEL Standard Unit", "LASTINSP": "201811", "LASTASSD": "202001", "ASSESSOR": null, "TRANSNO1": "13676", "GRNTNAM1": "FEDERAL NATIONAL MORTGAGE ASSOC", "GR1CLRK1": null, "GR1LIBR1": "01069", "GR1FOLO1": "0468", "CONVEY1": "4", "TRADATE": "20130927", "CONSIDR1": 244900, "MORTGAG1": 0, "NFMLNDVL": 200300, "NFMIMPVL": 193300, "NFMTTLVL": 393600, "CRTARCOD": null, "FCMACODE": null, "AGFNDAREA": 0.0, "AGFNDLUOM": null, "ENTZNDAT": null, "ENTZNASSM": 0, "PLNDEVDAT": null, "NPRCTSTDAT": null, "NPRCAREA": 0.0, "NPRCLUOM": null, "HOMQLCOD": "A", "HOMQLDAT": null, "BLDG_STORY": null, "BLDG_UNITS": 0, "RESIDENT": 1, "RESI2010": 0, "RESI2000": 0, "RESI1990": 0, "RESIUTHS": 0, "APRTMENT": 0, "TRAILER": 0, "SPECIAL": 0, "OTHER": 1, "PTYPE": 2, "SDATWEBADR": "https://sdat.dat.maryland.gov/RealProperty/Pages/viewdetails.aspx?County=06&SearchType=ACCT&District=08&AccountNumber=003505", "EXISTING": "UPDT2017_18", "MDPVDATE": "2020JUN", "SDATDATE": "2022OCT", "POLYDATE": "2021OCT", "POLYACRES": 1.031, "POLYID": "06-0000000015665" }, "geometry": { "type": "MultiPolygon", "coordinates": [ [ [ [ -75.907263659301648, 38.804309275649771 ], [ -75.907280409078453, 38.804288360045163 ], [ -75.907670936527609, 38.803691284750833 ], [ -75.907763278335892, 38.803694815846271 ], [ -75.907855661318138, 38.803691887676599 ], [ -75.907947325116936, 38.8036825291627 ], [ -75.908037566246321, 38.803666814805901 ], [ -75.908125657510098, 38.803644863933513 ], [ -75.90821090528641, 38.803616859253403 ], [ -75.908334592452505, 38.803571033621864 ], [ -75.907731264129453, 38.804487557639213 ], [ -75.907717967949225, 38.804507757873417 ], [ -75.907717454179277, 38.804507473779928 ], [ -75.907705991724896, 38.8045011141188 ], [ -75.907598555254438, 38.80444708040438 ], [ -75.907466232014144, 38.804387417089401 ], [ -75.907343166540784, 38.804339759445838 ], [ -75.907263659301648, 38.804309275649771 ] ] ] ] } },
{ "type": "Feature", "properties": { "JURSCODE": "CARO", "ACCTID": "0608003866", "DIGXCORD": 494888.4, "DIGYCORD": 126644.2, "CT2020": "24011955400", "BG2020": "240119554001", "GEOGCODE": "81", "OOI": "N", "RESITYP": "TR", "ADDRESS": "7071 GANEYS WHARF ROAD", "STRTNUM": "7071", "STRTDIR": null, "STRTNAM": "GANEYS WHARF", "STRTTYP": "RD", "STRTSFX": null, "STRTUNT": null, "ADDRTYP": "P", "CITY": "PRESTON", "ZIPCODE": "21655", "OWNNAME1": "SPOERL RONALD JAMES", "OWNNAME2": null, "NAMEKEY": "SPOERL RONALD JAMES", "OWNADD1": "7071 GANEYS WHARF RD", "OWNADD2": null, "OWNCITY": "PRESTON", "OWNSTATE": "MD", "OWNERZIP": "21655", "OWNZIP2": "1816", "PREMSNUM": "7071", "PREMSDIR": null, "PREMSNAM": "GANEYS WHARF", "PREMSTYP": "RD", "PREMCITY": "PRESTON", "PREMZIP": "21655", "PREMZIP2": "1816", "LEGAL1": "IMPS1.00 AC", "LEGAL2": "GANEYS WHARF ROAD", "LEGAL3": "NW OF HARMONY", "DR1CLERK": "FDM", "DR1LIBER": "00339", "DR1FOLIO": "0428", "TOWNCODE": null, "DESCTOWN": null, "SUBDIVSN": null, "DSUBCODE": null, "DESCSUBD": null, "PLAT": null, "PLTLIBER": null, "PLTFOLIO": null, "SECTION": null, "BLOCK": null, "LOT": null, "MAP": "0041", "GRID": "0008", "PARCEL": "0102", "ZONING": "R", "ZNCHGDAT": null, "RZREALDAT": null, "CIUSE": null, "DESCCIUSE": null, "EXCLASS": null, "DESCEXCL": null, "LU": "R", "DESCLU": "Residential", "ACRES": 1.0, "LANDAREA": 1.0, "LUOM": "A", "WIDTH": 0.0, "DEPTH": 0.0, "PFUW": "0", "PFUS": "2", "PFLW": "0", "PFSP": "0", "PFSU": "0", "PFIC": null, "PFIH": "0", "RECIND": "0", "PERMITTYP": null, "YEARBLT": "1972", "SQFTSTRC": 1344, "STRUGRAD": "4", "DESCGRAD": "Codes range from lowest to highest quality 1-9", "STRUCNST": "0001", "DESCCNST": "CNST Siding", "STRUSTYL": "MH1", "DESCSTYL": "HOUSING Mobile Home", "STRUBLDG": "0006", "DESCBLDG": "DWEL Mobile Home", "LASTINSP": "201811", "LASTASSD": "202001", "ASSESSOR": null, "TRANSNO1": "980487", "GRNTNAM1": "SPOERL, JAMES C & HAZEL M", "GR1CLRK1": null, "GR1LIBR1": "00197", "GR1FOLO1": "0723", "CONVEY1": "4", "TRADATE": "19980616", "CONSIDR1": 0, "MORTGAG1": 0, "NFMLNDVL": 65000, "NFMIMPVL": 61400, "NFMTTLVL": 126400, "CRTARCOD": null, "FCMACODE": null, "AGFNDAREA": 0.0, "AGFNDLUOM": null, "ENTZNDAT": null, "ENTZNASSM": 0, "PLNDEVDAT": null, "NPRCTSTDAT": null, "NPRCAREA": 0.0, "NPRCLUOM": null, "HOMQLCOD": "X", "HOMQLDAT": null, "BLDG_STORY": null, "BLDG_UNITS": 0, "RESIDENT": 1, "RESI2010": 0, "RESI2000": 0, "RESI1990": 0, "RESIUTHS": 0, "APRTMENT": 0, "TRAILER": 1, "SPECIAL": 0, "OTHER": 0, "PTYPE": 2, "SDATWEBADR": "https://sdat.dat.maryland.gov/RealProperty/Pages/viewdetails.aspx?County=06&SearchType=ACCT&District=08&AccountNumber=003866", "EXISTING": "UPDT2017_18", "MDPVDATE": "2020JUN", "SDATDATE": "2022OCT", "POLYDATE": "2021OCT", "POLYACRES": 1.0, "POLYID": "06-0000000015693" }, "geometry": { "type": "MultiPolygon", "coordinates": [ [ [ [ -75.907717088148985, 38.802715617794092 ], [ -75.907340443366195, 38.802663505012994 ], [ -75.906637822082914, 38.802566273205834 ], [ -75.907745115142959, 38.802153536440208 ], [ -75.908121364603787, 38.80277155554824 ], [ -75.907717088148985, 38.802715617794092 ] ] ] ] } },
{ "type": "Feature", "properties": { "JURSCODE": "CARO", "ACCTID": "0608004919", "DIGXCORD": 495041.9, "DIGYCORD": 126752.8, "CT2020": "24011955400", "BG2020": "240119554001", "GEOGCODE": "81", "OOI": "H", "RESITYP": "SF", "ADDRESS": "7103 DOGWOOD DR", "STRTNUM": "7103", "STRTDIR": null, "STRTNAM": "DOGWOOD", "STRTTYP": "DR", "STRTSFX": null, "STRTUNT": null, "ADDRTYP": "P", "CITY": "PRESTON", "ZIPCODE": "21655", "OWNNAME1": "KENNY TERRANCE", "OWNNAME2": null, "NAMEKEY": "KENNY TERRANCE", "OWNADD1": "7103 DOGWOOD DR", "OWNADD2": null, "OWNCITY": "PRESTON", "OWNSTATE": "MD", "OWNERZIP": "21655", "OWNZIP2": "1854", "PREMSNUM": "7103", "PREMSDIR": null, "PREMSNAM": "DOGWOOD", "PREMSTYP": "DR", "PREMCITY": "PRESTON", "PREMZIP": "21655", "PREMZIP2": "1854", "LEGAL1": "IMPS40,246 SF L-7", "LEGAL2": "DOGWOOD DRIVE", "LEGAL3": "NEW HOPE SUB 79", "DR1CLERK": "FDM", "DR1LIBER": "00819", "DR1FOLIO": "0721", "TOWNCODE": null, "DESCTOWN": null, "SUBDIVSN": null, "DSUBCODE": null, "DESCSUBD": null, "PLAT": "1 13", "PLTLIBER": null, "PLTFOLIO": null, "SECTION": null, "BLOCK": null, "LOT": "7", "MAP": "0041", "GRID": "0008", "PARCEL": "0079", "ZONING": "R", "ZNCHGDAT": null, "RZREALDAT": null, "CIUSE": null, "DESCCIUSE": null, "EXCLASS": null, "DESCEXCL": null, "LU": "R", "DESCLU": "Residential", "ACRES": 0.924, "LANDAREA": 40246.0, "LUOM": "S", "WIDTH": 0.0, "DEPTH": 0.0, "PFUW": "0", "PFUS": "2", "PFLW": "1", "PFSP": "0", "PFSU": "0", "PFIC": null, "PFIH": "0", "RECIND": "0", "PERMITTYP": null, "YEARBLT": "1979", "SQFTSTRC": 832, "STRUGRAD": "3", "DESCGRAD": "Codes range from lowest to highest quality 1-9", "STRUCNST": "0002", "DESCCNST": "CNST Frame", "STRUSTYL": "0001", "DESCSTYL": "STRY 1 Story No Basement", "STRUBLDG": "0001", "DESCBLDG": "DWEL Standard Unit", "LASTINSP": "201811", "LASTASSD": "202001", "ASSESSOR": null, "TRANSNO1": "80451", "GRNTNAM1": "KENNY, TERRANCE", "GR1CLRK1": null, "GR1LIBR1": null, "GR1FOLO1": null, "CONVEY1": "4", "TRADATE": "20080606", "CONSIDR1": 0, "MORTGAG1": 0, "NFMLNDVL": 162800, "NFMIMPVL": 68800, "NFMTTLVL": 231600, "CRTARCOD": null, "FCMACODE": null, "AGFNDAREA": 0.0, "AGFNDLUOM": null, "ENTZNDAT": null, "ENTZNASSM": 0, "PLNDEVDAT": null, "NPRCTSTDAT": null, "NPRCAREA": 0.0, "NPRCLUOM": null, "HOMQLCOD": null, "HOMQLDAT": null, "BLDG_STORY": null, "BLDG_UNITS": 0, "RESIDENT": 1, "RESI2010": 0, "RESI2000": 0, "RESI1990": 0, "RESIUTHS": 0, "APRTMENT": 0, "TRAILER": 0, "SPECIAL": 0, "OTHER": 1, "PTYPE": 2, "SDATWEBADR": "https://sdat.dat.maryland.gov/RealProperty/Pages/viewdetails.aspx?County=06&SearchType=ACCT&District=08&AccountNumber=004919", "EXISTING": "UPDT2017_18", "MDPVDATE": "2020JUN", "SDATDATE": "2022OCT", "POLYDATE": "2021OCT", "POLYACRES": 0.874, "POLYID": "06-0000000015775" }, "geometry": { "type": "MultiPolygon", "coordinates": [ [ [ [ -75.905445621558655, 38.803885814599141 ], [ -75.905607491558158, 38.803159607630271 ], [ -75.906039360695516, 38.803219694325669 ], [ -75.906136492519636, 38.803234433991072 ], [ -75.905926583833974, 38.803872531963236 ], [ -75.905904286061229, 38.803938441235161 ], [ -75.905867568006016, 38.803934772569058 ], [ -75.905743006935268, 38.803921739473779 ], [ -75.905576499381624, 38.803902871295243 ], [ -75.905461393219454, 38.803887440042764 ], [ -75.905445621558655, 38.803885814599141 ] ] ] ] } },
{ "type": "Feature", "properties": { "JURSCODE": "CARO", "ACCTID": "0608006113", "DIGXCORD": 495086.1, "DIGYCORD": 126762.3, "CT2020": "24011955400", "BG2020": "240119554001", "GEOGCODE": "81", "OOI": "H", "RESITYP": "SF", "ADDRESS": "7099 DOGWOOD DR", "STRTNUM": "7099", "STRTDIR": null, "STRTNAM": "DOGWOOD", "STRTTYP": "DR", "STRTSFX": null, "STRTUNT": null, "ADDRTYP": "P", "CITY": "PRESTON", "ZIPCODE": "21655", "OWNNAME1": "GOOD MICHAEL JEFFERY ETAL", "OWNNAME2": "GOOD THERESA W ETAL", "NAMEKEY": "GOOD MICHAEL JEFFERY ETAL", "OWNADD1": "7099 DOGWOOD DR", "OWNADD2": null, "OWNCITY": "PRESTON", "OWNSTATE": "MD", "OWNERZIP": "21655", "OWNZIP2": null, "PREMSNUM": "7099", "PREMSDIR": null, "PREMSNAM": "DOGWOOD", "PREMSTYP": "DR", "PREMCITY": "PRESTON", "PREMZIP": "21655", "PREMZIP2": null, "LEGAL1": "IMPS41,155 SF L-8", "LEGAL2": "DOGWOOD DRIVE", "LEGAL3": "NEW HOPE SUB 79", "DR1CLERK": null, "DR1LIBER": "01443", "DR1FOLIO": "0406", "TOWNCODE": null, "DESCTOWN": null, "SUBDIVSN": null, "DSUBCODE": null, "DESCSUBD": null, "PLAT": "1 13", "PLTLIBER": null, "PLTFOLIO": null, "SECTION": null, "BLOCK": null, "LOT": "8", "MAP": "0041", "GRID": "0008", "PARCEL": "0079", "ZONING": "R", "ZNCHGDAT": null, "RZREALDAT": null, "CIUSE": null, "DESCCIUSE": null, "EXCLASS": null, "DESCEXCL": null, "LU": "R", "DESCLU": "Residential", "ACRES": 0.945, "LANDAREA": 41155.0, "LUOM": "S", "WIDTH": 0.0, "DEPTH": 0.0, "PFUW": "1", "PFUS": "2", "PFLW": "1", "PFSP": "0", "PFSU": "0", "PFIC": null, "PFIH": "0", "RECIND": "0", "PERMITTYP": null, "YEARBLT": "1973", "SQFTSTRC": 1608, "STRUGRAD": "4", "DESCGRAD": "Codes range from lowest to highest quality 1-9", "STRUCNST": "0002", "DESCCNST": "CNST Frame", "STRUSTYL": "0001", "DESCSTYL": "STRY 1 Story No Basement", "STRUBLDG": "0001", "DESCBLDG": "DWEL Standard Unit", "LASTINSP": "201811", "LASTASSD": "202001", "ASSESSOR": null, "TRANSNO1": null, "GRNTNAM1": "O'NEIL  KEVIN P", "GR1CLRK1": "FDM", "GR1LIBR1": "00930", "GR1FOLO1": "0300", "CONVEY1": "1", "TRADATE": "20201009", "CONSIDR1": 380000, "MORTGAG1": 361000, "NFMLNDVL": 163700, "NFMIMPVL": 145900, "NFMTTLVL": 309600, "CRTARCOD": null, "FCMACODE": null, "AGFNDAREA": 0.0, "AGFNDLUOM": null, "ENTZNDAT": null, "ENTZNASSM": 0, "PLNDEVDAT": null, "NPRCTSTDAT": null, "NPRCAREA": 0.0, "NPRCLUOM": null, "HOMQLCOD": "A", "HOMQLDAT": null, "BLDG_STORY": null, "BLDG_UNITS": 0, "RESIDENT": 1, "RESI2010": 0, "RESI2000": 0, "RESI1990": 0, "RESIUTHS": 0, "APRTMENT": 0, "TRAILER": 0, "SPECIAL": 0, "OTHER": 1, "PTYPE": 2, "SDATWEBADR": "https://sdat.dat.maryland.gov/RealProperty/Pages/viewdetails.aspx?County=06&SearchType=ACCT&District=08&AccountNumber=006113", "EXISTING": "UPDT2017_18", "MDPVDATE": "2020JUN", "SDATDATE": "2022OCT", "POLYDATE": "2021OCT", "POLYACRES": 0.88, "POLYID": "06-0000000015870" }, "geometry": { "type": "MultiPolygon", "coordinates": [ [ [ [ -75.90494864197575, 38.80375122147521 ], [ -75.905100881233224, 38.803066258877266 ], [ -75.905185948241439, 38.803090661088618 ], [ -75.905272987066525, 38.803110360927505 ], [ -75.905361573276039, 38.803125255307172 ], [ -75.905607491558158, 38.803159607630271 ], [ -75.905445621558655, 38.803885814599141 ], [ -75.905400984845087, 38.803881224645046 ], [ -75.905399007700865, 38.803881016905727 ], [ -75.90535965835879, 38.80387399901052 ], [ -75.905311717482235, 38.803860377859365 ], [ -75.905250235451888, 38.803837070913012 ], [ -75.905219284420056, 38.803822969465777 ], [ -75.905186313884357, 38.80381142568698 ], [ -75.905116036985333, 38.803793288502021 ], [ -75.905035032704902, 38.803772690208703 ], [ -75.904970738286835, 38.803756356853 ], [ -75.90494864197575, 38.80375122147521 ] ] ] ] } },
{ "type": "Feature", "properties": { "JURSCODE": "CARO", "ACCTID": "0608006423", "DIGXCORD": 494990.0, "DIGYCORD": 126669.7, "CT2020": "24011955400", "BG2020": "240119554001", "GEOGCODE": "81", "OOI": "H", "RESITYP": "SF", "ADDRESS": "7084 DOGWOOD DR", "STRTNUM": "7084", "STRTDIR": null, "STRTNAM": "DOGWOOD", "STRTTYP": "DR", "STRTSFX": null, "STRTUNT": null, "ADDRTYP": "P", "CITY": "PRESTON", "ZIPCODE": "21655", "OWNNAME1": "BETHKE ROBERT", "OWNNAME2": "BETHKE MICHELLE", "NAMEKEY": "BETHKE ROBERT", "OWNADD1": "7084 DOGWOOD DRIVE", "OWNADD2": null, "OWNCITY": "PRESTON", "OWNSTATE": "MD", "OWNERZIP": "21655", "OWNZIP2": null, "PREMSNUM": "7084", "PREMSDIR": null, "PREMSNAM": "DOGWOOD", "PREMSTYP": "DR", "PREMCITY": "PRESTON", "PREMZIP": "21655", "PREMZIP2": null, "LEGAL1": "IMPS5.29 AC", "LEGAL2": "W/S GILPINS PT RD", "LEGAL3": "NW OF HARMONY", "DR1CLERK": null, "DR1LIBER": "01440", "DR1FOLIO": "0173", "TOWNCODE": null, "DESCTOWN": null, "SUBDIVSN": null, "DSUBCODE": null, "DESCSUBD": null, "PLAT": null, "PLTLIBER": null, "PLTFOLIO": null, "SECTION": null, "BLOCK": null, "LOT": null, "MAP": "0041", "GRID": "0008", "PARCEL": "0061", "ZONING": "R", "ZNCHGDAT": null, "RZREALDAT": null, "CIUSE": null, "DESCCIUSE": null, "EXCLASS": null, "DESCEXCL": null, "LU": "R", "DESCLU": "Residential", "ACRES": 5.29, "LANDAREA": 5.29, "LUOM": "A", "WIDTH": 0.0, "DEPTH": 0.0, "PFUW": "0", "PFUS": "2", "PFLW": "0", "PFSP": "0", "PFSU": "0", "PFIC": null, "PFIH": "0", "RECIND": "0", "PERMITTYP": "Z", "YEARBLT": "2000", "SQFTSTRC": 3122, "STRUGRAD": "4", "DESCGRAD": "Codes range from lowest to highest quality 1-9", "STRUCNST": "0001", "DESCCNST": "CNST Siding", "STRUSTYL": "0005", "DESCSTYL": "STRY 2 Story No Basement", "STRUBLDG": "0001", "DESCBLDG": "DWEL Standard Unit", "LASTINSP": "201811", "LASTASSD": "202001", "ASSESSOR": null, "TRANSNO1": null, "GRNTNAM1": "BETHKE ROBERT", "GR1CLRK1": null, "GR1LIBR1": "01120", "GR1FOLO1": "0159", "CONVEY1": null, "TRADATE": "20200924", "CONSIDR1": 0, "MORTGAG1": 240800, "NFMLNDVL": 84300, "NFMIMPVL": 251100, "NFMTTLVL": 335400, "CRTARCOD": null, "FCMACODE": null, "AGFNDAREA": 0.0, "AGFNDLUOM": null, "ENTZNDAT": null, "ENTZNASSM": 0, "PLNDEVDAT": null, "NPRCTSTDAT": null, "NPRCAREA": 0.0, "NPRCLUOM": null, "HOMQLCOD": "A", "HOMQLDAT": null, "BLDG_STORY": null, "BLDG_UNITS": 0, "RESIDENT": 1, "RESI2010": 0, "RESI2000": 1, "RESI1990": 0, "RESIUTHS": 0, "APRTMENT": 0, "TRAILER": 0, "SPECIAL": 0, "OTHER": 1, "PTYPE": 2, "SDATWEBADR": "https://sdat.dat.maryland.gov/RealProperty/Pages/viewdetails.aspx?County=06&SearchType=ACCT&District=08&AccountNumber=006423", "EXISTING": "UPDT2017_18", "MDPVDATE": "2020JUN", "SDATDATE": "2022OCT", "POLYDATE": "2021OCT", "POLYACRES": 5.295, "POLYID": "06-0000000023245" }, "geometry": { "type": "MultiPolygon", "coordinates": [ [ [ [ -75.90448138253052, 38.802282889193179 ], [ -75.905185165713803, 38.802049210794962 ], [ -75.905678481382054, 38.802224580264152 ], [ -75.905827713764197, 38.80226007945577 ], [ -75.906182240054264, 38.802344422854446 ], [ -75.906637822082914, 38.802566273205834 ], [ -75.907340443366195, 38.802663505012994 ], [ -75.907717088148985, 38.802715617794092 ], [ -75.907741233463511, 38.803523624392774 ], [ -75.907662322069626, 38.803518227975232 ], [ -75.907584360289505, 38.803507200651488 ], [ -75.907508014449007, 38.803490638753409 ], [ -75.907433938947236, 38.803468665530453 ], [ -75.907362740894087, 38.803441484873424 ], [ -75.907095910665461, 38.803327461469529 ], [ -75.907024852314265, 38.803297939526232 ], [ -75.906873225970401, 38.803240383028026 ], [ -75.906718170627627, 38.803188731249328 ], [ -75.906560052701153, 38.803143113738912 ], [ -75.906399250252178, 38.803103651147275 ], [ -75.906234787227433, 38.803070172149553 ], [ -75.906068395105635, 38.803043134412846 ], [ -75.90569153164418, 38.802989473696293 ], [ -75.905390836210216, 38.802946661615231 ], [ -75.905294674367823, 38.80292951596374 ], [ -75.905200800141159, 38.802905842023762 ], [ -75.905109947956731, 38.802875799847627 ], [ -75.905022816321562, 38.802839639244716 ], [ -75.904940068789344, 38.8027976367256 ], [ -75.90487020984034, 38.802755304650134 ], [ -75.904804824429533, 38.80270880723328 ], [ -75.904744311049569, 38.802658436516396 ], [ -75.904689056539937, 38.802604493441073 ], [ -75.904639378251986, 38.802547305324211 ], [ -75.904595615728226, 38.802487253745895 ], [ -75.904558028478903, 38.802424683497826 ], [ -75.90448138253052, 38.802282889193179 ] ] ] ] } },
{ "type": "Feature", "properties": { "JURSCODE": "CARO", "ACCTID": "0608006431", "DIGXCORD": 495131.0, "DIGYCORD": 126755.3, "CT2020": "24011955400", "BG2020": "240119554001", "GEOGCODE": "81", "OOI": "H", "RESITYP": "SF", "ADDRESS": "7095 DOGWOOD DR", "STRTNUM": "7095", "STRTDIR": null, "STRTNAM": "DOGWOOD", "STRTTYP": "DR", "STRTSFX": null, "STRTUNT": null, "ADDRTYP": "P", "CITY": "PRESTON", "ZIPCODE": "21655", "OWNNAME1": "NEWBOLD PAUL", "OWNNAME2": "NEWBOLD TRACY", "NAMEKEY": "NEWBOLD PAUL", "OWNADD1": "7095 DOGWOOD DR", "OWNADD2": null, "OWNCITY": "PRESTON", "OWNSTATE": "MD", "OWNERZIP": "21655", "OWNZIP2": "1852", "PREMSNUM": "7095", "PREMSDIR": null, "PREMSNAM": "DOGWOOD", "PREMSTYP": "DR", "PREMCITY": "PRESTON", "PREMZIP": "21655", "PREMZIP2": "1852", "LEGAL1": "IMPS1.06 AC L-9", "LEGAL2": "DOGWOOD DRIVE", "LEGAL3": "NEW HOPE SUB 79", "DR1CLERK": null, "DR1LIBER": "01582", "DR1FOLIO": "0436", "TOWNCODE": null, "DESCTOWN": null, "SUBDIVSN": null, "DSUBCODE": null, "DESCSUBD": null, "PLAT": "1 13", "PLTLIBER": null, "PLTFOLIO": null, "SECTION": null, "BLOCK": null, "LOT": "9", "MAP": "0041", "GRID": "0008", "PARCEL": "0079", "ZONING": "R", "ZNCHGDAT": null, "RZREALDAT": null, "CIUSE": null, "DESCCIUSE": null, "EXCLASS": null, "DESCEXCL": null, "LU": "R", "DESCLU": "Residential", "ACRES": 1.06, "LANDAREA": 1.06, "LUOM": "A", "WIDTH": 0.0, "DEPTH": 0.0, "PFUW": "0", "PFUS": "2", "PFLW": "1", "PFSP": "0", "PFSU": "0", "PFIC": null, "PFIH": "0", "RECIND": "0", "PERMITTYP": "Z", "YEARBLT": "2002", "SQFTSTRC": 4035, "STRUGRAD": "5", "DESCGRAD": "Codes range from lowest to highest quality 1-9", "STRUCNST": "0001", "DESCCNST": "CNST Siding", "STRUSTYL": "0005", "DESCSTYL": "STRY 2 Story No Basement", "STRUBLDG": "0001", "DESCBLDG": "DWEL Standard Unit", "LASTINSP": "201811", "LASTASSD": "202001", "ASSESSOR": null, "TRANSNO1": null, "GRNTNAM1": "STOCK  BRENT", "GR1CLRK1": "FDM", "GR1LIBR1": "00427", "GR1FOLO1": "0866", "CONVEY1": "1", "TRADATE": "20220705", "CONSIDR1": 730000, "MORTGAG1": 530000, "NFMLNDVL": 160200, "NFMIMPVL": 385900, "NFMTTLVL": 546100, "CRTARCOD": null, "FCMACODE": null, "AGFNDAREA": 0.0, "AGFNDLUOM": null, "ENTZNDAT": null, "ENTZNASSM": 0, "PLNDEVDAT": null, "NPRCTSTDAT": null, "NPRCAREA": 0.0, "NPRCLUOM": null, "HOMQLCOD": null, "HOMQLDAT": null, "BLDG_STORY": null, "BLDG_UNITS": 0, "RESIDENT": 1, "RESI2010": 0, "RESI2000": 1, "RESI1990": 0, "RESIUTHS": 0, "APRTMENT": 0, "TRAILER": 0, "SPECIAL": 0, "OTHER": 1, "PTYPE": 2, "SDATWEBADR": "https://sdat.dat.maryland.gov/RealProperty/Pages/viewdetails.aspx?County=06&SearchType=ACCT&District=08&AccountNumber=006431", "EXISTING": "UPDT2017_18", "MDPVDATE": "2020JUN", "SDATDATE": "2022OCT", "POLYDATE": "2021OCT", "POLYACRES": 0.932, "POLYID": "06-0000000015896" }, "geometry": { "type": "MultiPolygon", "coordinates": [ [ [ [ -75.904465744836685, 38.803751815005292 ], [ -75.904394610270145, 38.803513313860286 ], [ -75.904741700359466, 38.802894092112759 ], [ -75.904824451873807, 38.802945599492055 ], [ -75.904912295188979, 38.80299166800755 ], [ -75.905004636654255, 38.80303196774674 ], [ -75.905100881233224, 38.803066258877266 ], [ -75.90494864197575, 38.80375122147521 ], [ -75.904901535293874, 38.803740274698519 ], [ -75.904899343847887, 38.803739776645884 ], [ -75.904831661469387, 38.803724393417717 ], [ -75.904784584956218, 38.803715987464436 ], [ -75.90471090021326, 38.803708367794208 ], [ -75.904658740698096, 38.803709337677695 ], [ -75.904613596562129, 38.803713823908154 ], [ -75.904589370046565, 38.803719218211498 ], [ -75.904563743154213, 38.803729590447695 ], [ -75.904546730610932, 38.80373831378666 ], [ -75.904521658167155, 38.803750069622865 ], [ -75.904496141938935, 38.803756226588369 ], [ -75.904489529163726, 38.803756488836072 ], [ -75.904475808051089, 38.80375704471458 ], [ -75.904465744836685, 38.803751815005292 ] ] ] ] } },
{ "type": "Feature", "properties": { "JURSCODE": "CARO", "ACCTID": "0608006458", "DIGXCORD": 495169.8, "DIGYCORD": 126722.6, "CT2020": "24011955400", "BG2020": "240119554001", "GEOGCODE": "81", "OOI": "N", "RESITYP": "SF", "ADDRESS": null, "STRTNUM": null, "STRTDIR": null, "STRTNAM": null, "STRTTYP": null, "STRTSFX": null, "STRTUNT": null, "ADDRTYP": null, "CITY": "PRESTON", "ZIPCODE": "21655", "OWNNAME1": "DOETSCH LOUIS J III", "OWNNAME2": "DOETSCH JENNIFER L", "NAMEKEY": "DOETSCH LOUIS J III", "OWNADD1": "6103 NEWTON RD", "OWNADD2": null, "OWNCITY": "PRESTON", "OWNSTATE": "MD", "OWNERZIP": "21655", "OWNZIP2": null, "PREMSNUM": null, "PREMSDIR": null, "PREMSNAM": "DOGWOOD", "PREMSTYP": "DR", "PREMCITY": null, "PREMZIP": null, "PREMZIP2": null, "LEGAL1": "1.61 AC L-10", "LEGAL2": "DOGWOOD DRIVE", "LEGAL3": "NEW HOPE SUB 79", "DR1CLERK": null, "DR1LIBER": "01438", "DR1FOLIO": "0187", "TOWNCODE": null, "DESCTOWN": null, "SUBDIVSN": null, "DSUBCODE": null, "DESCSUBD": null, "PLAT": "1 13", "PLTLIBER": null, "PLTFOLIO": null, "SECTION": null, "BLOCK": null, "LOT": "10", "MAP": "0041", "GRID": "0008", "PARCEL": "0079", "ZONING": "R", "ZNCHGDAT": null, "RZREALDAT": null, "CIUSE": null, "DESCCIUSE": null, "EXCLASS": null, "DESCEXCL": null, "LU": "R", "DESCLU": "Residential", "ACRES": 1.61, "LANDAREA": 1.61, "LUOM": "A", "WIDTH": 0.0, "DEPTH": 0.0, "PFUW": "0", "PFUS": "0", "PFLW": "1", "PFSP": "0", "PFSU": "0", "PFIC": null, "PFIH": "0", "RECIND": "0", "PERMITTYP": null, "YEARBLT": null, "SQFTSTRC": 0, "STRUGRAD": null, "DESCGRAD": null, "STRUCNST": null, "DESCCNST": null, "STRUSTYL": null, "DESCSTYL": null, "STRUBLDG": null, "DESCBLDG": null, "LASTINSP": "201811", "LASTASSD": "202001", "ASSESSOR": null, "TRANSNO1": null, "GRNTNAM1": "SHEEHAN  TERRENCE", "GR1CLRK1": "FDM", "GR1LIBR1": "00837", "GR1FOLO1": "0272", "CONVEY1": "2", "TRADATE": "20200915", "CONSIDR1": 144000, "MORTGAG1": 0, "NFMLNDVL": 137700, "NFMIMPVL": 0, "NFMTTLVL": 137700, "CRTARCOD": null, "FCMACODE": null, "AGFNDAREA": 0.0, "AGFNDLUOM": null, "ENTZNDAT": null, "ENTZNASSM": 0, "PLNDEVDAT": null, "NPRCTSTDAT": null, "NPRCAREA": 0.0, "NPRCLUOM": null, "HOMQLCOD": null, "HOMQLDAT": null, "BLDG_STORY": null, "BLDG_UNITS": 0, "RESIDENT": 0, "RESI2010": 0, "RESI2000": 0, "RESI1990": 0, "RESIUTHS": 0, "APRTMENT": 0, "TRAILER": 0, "SPECIAL": 0, "OTHER": 0, "PTYPE": 2, "SDATWEBADR": "https://sdat.dat.maryland.gov/RealProperty/Pages/viewdetails.aspx?County=06&SearchType=ACCT&District=08&AccountNumber=006458", "EXISTING": "UPDT2017_18", "MDPVDATE": "2020JUN", "SDATDATE": "2022OCT", "POLYDATE": "2021OCT", "POLYACRES": 1.567, "POLYID": "06-0000000015897" }, "geometry": { "type": "MultiPolygon", "coordinates": [ [ [ [ -75.903789713793103, 38.803160725391137 ], [ -75.904470919358133, 38.802639410296415 ], [ -75.904528357138318, 38.802709392292279 ], [ -75.904592935763532, 38.802775459236571 ], [ -75.904664201541408, 38.802837165409017 ], [ -75.904741700359466, 38.802894092112759 ], [ -75.904394610270145, 38.803513313860286 ], [ -75.904465744836685, 38.803751815005292 ], [ -75.904436247985302, 38.803735997238952 ], [ -75.904413456778116, 38.803734134575713 ], [ -75.904351714231709, 38.803741356807784 ], [ -75.904267752925719, 38.803756685841044 ], [ -75.904208625010028, 38.803763085686938 ], [ -75.904152718651432, 38.803770380638305 ], [ -75.904091746633426, 38.80378441189854 ], [ -75.904077482100007, 38.803787368076975 ], [ -75.904016323841859, 38.80380002815388 ], [ -75.90394330584823, 38.803814991260694 ], [ -75.903866225534301, 38.803835078420938 ], [ -75.903861542362094, 38.803836394814589 ], [ -75.903789713793103, 38.803160725391137 ] ] ] ] } },
{ "type": "Feature", "properties": { "JURSCODE": "CARO", "ACCTID": "0608006989", "DIGXCORD": 495187.1, "DIGYCORD": 126483.5, "CT2020": "24011955400", "BG2020": "240119554001", "GEOGCODE": "81", "OOI": "H", "RESITYP": "SF", "ADDRESS": "7030 DOGWOOD DR", "STRTNUM": "7030", "STRTDIR": null, "STRTNAM": "DOGWOOD", "STRTTYP": "DR", "STRTSFX": null, "STRTUNT": null, "ADDRTYP": "P", "CITY": "PRESTON", "ZIPCODE": "21601", "OWNNAME1": "PENSAK ANNA M AND", "OWNNAME2": "MICHAEL W PENSAK", "NAMEKEY": "PENSAK ANNA M AND", "OWNADD1": "7030 DOGWOOD DR", "OWNADD2": null, "OWNCITY": "PRESTON", "OWNSTATE": "MD", "OWNERZIP": "21655", "OWNZIP2": "1851", "PREMSNUM": "7030", "PREMSDIR": null, "PREMSNAM": "DOGWOOD", "PREMSTYP": "DR", "PREMCITY": "PRESTON", "PREMZIP": "21601", "PREMZIP2": null, "LEGAL1": "IMPS1.00 AC", "LEGAL2": "DOGWOOD DRIVE", "LEGAL3": "NW OF HARMONY", "DR1CLERK": "FDM", "DR1LIBER": "00798", "DR1FOLIO": "0644", "TOWNCODE": null, "DESCTOWN": null, "SUBDIVSN": null, "DSUBCODE": null, "DESCSUBD": null, "PLAT": null, "PLTLIBER": null, "PLTFOLIO": null, "SECTION": null, "BLOCK": null, "LOT": null, "MAP": "0041", "GRID": "0009", "PARCEL": "0109", "ZONING": "R", "ZNCHGDAT": null, "RZREALDAT": null, "CIUSE": null, "DESCCIUSE": null, "EXCLASS": null, "DESCEXCL": null, "LU": "R", "DESCLU": "Residential", "ACRES": 1.0, "LANDAREA": 1.0, "LUOM": "A", "WIDTH": 0.0, "DEPTH": 0.0, "PFUW": "0", "PFUS": "2", "PFLW": "0", "PFSP": "0", "PFSU": "0", "PFIC": null, "PFIH": "0", "RECIND": "0", "PERMITTYP": null, "YEARBLT": "1991", "SQFTSTRC": 1744, "STRUGRAD": "3", "DESCGRAD": "Codes range from lowest to highest quality 1-9", "STRUCNST": "0001", "DESCCNST": "CNST Siding", "STRUSTYL": "0001", "DESCSTYL": "STRY 1 Story No Basement", "STRUBLDG": "0001", "DESCBLDG": "DWEL Standard Unit", "LASTINSP": "201811", "LASTASSD": "202001", "ASSESSOR": null, "TRANSNO1": "80035", "GRNTNAM1": "MCCABE, ANNA M.", "GR1CLRK1": "FDM", "GR1LIBR1": "00288", "GR1FOLO1": "0790", "CONVEY1": "4", "TRADATE": "20080111", "CONSIDR1": 0, "MORTGAG1": 0, "NFMLNDVL": 65000, "NFMIMPVL": 129100, "NFMTTLVL": 194100, "CRTARCOD": null, "FCMACODE": null, "AGFNDAREA": 0.0, "AGFNDLUOM": null, "ENTZNDAT": null, "ENTZNASSM": 0, "PLNDEVDAT": null, "NPRCTSTDAT": null, "NPRCAREA": 0.0, "NPRCLUOM": null, "HOMQLCOD": "A", "HOMQLDAT": null, "BLDG_STORY": null, "BLDG_UNITS": 0, "RESIDENT": 1, "RESI2010": 0, "RESI2000": 0, "RESI1990": 1, "RESIUTHS": 0, "APRTMENT": 0, "TRAILER": 0, "SPECIAL": 0, "OTHER": 1, "PTYPE": 2, "SDATWEBADR": "https://sdat.dat.maryland.gov/RealProperty/Pages/viewdetails.aspx?County=06&SearchType=ACCT&District=08&AccountNumber=006989", "EXISTING": "UPDT2017_18", "MDPVDATE": "2020JUN", "SDATDATE": "2022OCT", "POLYDATE": "2021OCT", "POLYACRES": 1.0, "POLYID": "06-0000000015936" }, "geometry": { "type": "MultiPolygon", "coordinates": [ [ [ [ -75.903661271653647, 38.80076552716374 ], [ -75.904365042433227, 38.800531862665224 ], [ -75.904638413127259, 38.801037637045056 ], [ -75.903934637982928, 38.801271321189944 ], [ -75.903661271653647, 38.80076552716374 ] ] ] ] } },
{ "type": "Feature", "properties": { "JURSCODE": "CARO", "ACCTID": "0608007632", "DIGXCORD": 495160.3, "DIGYCORD": 126533.7, "CT2020": "24011955400", "BG2020": "240119554001", "GEOGCODE": "81", "OOI": "H", "RESITYP": "SF", "ADDRESS": "7046 DOGWOOD DR", "STRTNUM": "7046", "STRTDIR": null, "STRTNAM": "DOGWOOD", "STRTTYP": "DR", "STRTSFX": null, "STRTUNT": null, "ADDRTYP": "P", "CITY": "PRESTON", "ZIPCODE": "21655", "OWNNAME1": "LYNCH ROBERT ANTHONY", "OWNNAME2": null, "NAMEKEY": "LYNCH ROBERT ANTHONY", "OWNADD1": "7046 DOGWOOD DR", "OWNADD2": null, "OWNCITY": "PRESTON", "OWNSTATE": "MD", "OWNERZIP": "21655", "OWNZIP2": "1851", "PREMSNUM": "7046", "PREMSDIR": null, "PREMSNAM": "DOGWOOD", "PREMSTYP": "DR", "PREMCITY": "PRESTON", "PREMZIP": "21655", "PREMZIP2": null, "LEGAL1": "IMPS1.00 AC", "LEGAL2": "DOGWOOD DRIVE", "LEGAL3": "NW OF HARMONY", "DR1CLERK": null, "DR1LIBER": "01239", "DR1FOLIO": "0485", "TOWNCODE": null, "DESCTOWN": null, "SUBDIVSN": null, "DSUBCODE": null, "DESCSUBD": null, "PLAT": null, "PLTLIBER": null, "PLTFOLIO": null, "SECTION": null, "BLOCK": null, "LOT": null, "MAP": "0041", "GRID": "0009", "PARCEL": "0108", "ZONING": "R", "ZNCHGDAT": null, "RZREALDAT": null, "CIUSE": null, "DESCCIUSE": null, "EXCLASS": null, "DESCEXCL": null, "LU": "R", "DESCLU": "Residential", "ACRES": 1.0, "LANDAREA": 1.0, "LUOM": "A", "WIDTH": 0.0, "DEPTH": 0.0, "PFUW": "0", "PFUS": "2", "PFLW": "0", "PFSP": "0", "PFSU": "0", "PFIC": null, "PFIH": "0", "RECIND": "0", "PERMITTYP": null, "YEARBLT": "1972", "SQFTSTRC": 1184, "STRUGRAD": "3", "DESCGRAD": "Codes range from lowest to highest quality 1-9", "STRUCNST": "0001", "DESCCNST": "CNST Siding", "STRUSTYL": "0001", "DESCSTYL": "STRY 1 Story No Basement", "STRUBLDG": "0001", "DESCBLDG": "DWEL Standard Unit", "LASTINSP": "201811", "LASTASSD": "202001", "ASSESSOR": null, "TRANSNO1": "17013", "GRNTNAM1": "LYNCH  ROBERT ANTHONY", "GR1CLRK1": "FDM", "GR1LIBR1": "00836", "GR1FOLO1": "0527", "CONVEY1": "4", "TRADATE": "20170106", "CONSIDR1": 0, "MORTGAG1": 0, "NFMLNDVL": 65000, "NFMIMPVL": 72500, "NFMTTLVL": 137500, "CRTARCOD": null, "FCMACODE": null, "AGFNDAREA": 0.0, "AGFNDLUOM": null, "ENTZNDAT": null, "ENTZNASSM": 0, "PLNDEVDAT": null, "NPRCTSTDAT": null, "NPRCAREA": 0.0, "NPRCLUOM": null, "HOMQLCOD": "A", "HOMQLDAT": null, "BLDG_STORY": null, "BLDG_UNITS": 0, "RESIDENT": 1, "RESI2010": 0, "RESI2000": 0, "RESI1990": 0, "RESIUTHS": 0, "APRTMENT": 0, "TRAILER": 0, "SPECIAL": 0, "OTHER": 1, "PTYPE": 2, "SDATWEBADR": "https://sdat.dat.maryland.gov/RealProperty/Pages/viewdetails.aspx?County=06&SearchType=ACCT&District=08&AccountNumber=007632", "EXISTING": "UPDT2017_18", "MDPVDATE": "2020JUN", "SDATDATE": "2022OCT", "POLYDATE": "2021OCT", "POLYACRES": 1.0, "POLYID": "06-0000000015990" }, "geometry": { "type": "MultiPolygon", "coordinates": [ [ [ [ -75.903934637982928, 38.801271321189944 ], [ -75.904638413127259, 38.801037637045056 ], [ -75.904911787554127, 38.801543419754992 ], [ -75.904208008321305, 38.801777105530462 ], [ -75.903934637982928, 38.801271321189944 ] ] ] ] } },
{ "type": "Feature", "properties": { "JURSCODE": "CARO", "ACCTID": "0608008116", "DIGXCORD": 494791.3, "DIGYCORD": 126859.5, "CT2020": "24011955400", "BG2020": "240119554001", "GEOGCODE": "81", "OOI": "N", "RESITYP": "SF", "ADDRESS": "7139 GANEYS WHARF ROAD", "STRTNUM": "7139", "STRTDIR": null, "STRTNAM": "GANEYS WHARF", "STRTTYP": "RD", "STRTSFX": null, "STRTUNT": null, "ADDRTYP": "P", "CITY": "PRESTON", "ZIPCODE": "21655", "OWNNAME1": "COUNTY COMMISSIONERS OF", "OWNNAME2": "CAROLINE COUNTY", "NAMEKEY": "COUNTY COMMISSIONERS OF", "OWNADD1": "109 MARKET ST", "OWNADD2": null, "OWNCITY": "DENTON", "OWNSTATE": "MD", "OWNERZIP": "21629", "OWNZIP2": "1057", "PREMSNUM": "7139", "PREMSDIR": null, "PREMSNAM": "GANEYS WHARF", "PREMSTYP": "RD", "PREMCITY": "PRESTON", "PREMZIP": "21655", "PREMZIP2": null, "LEGAL1": "IMPS1.22 AC L-1", "LEGAL2": "NE/S GANEYS WHARF RD", "LEGAL3": "NEW HOPE SUB 79", "DR1CLERK": "FDM", "DR1LIBER": "00801", "DR1FOLIO": "0586", "TOWNCODE": null, "DESCTOWN": null, "SUBDIVSN": null, "DSUBCODE": null, "DESCSUBD": null, "PLAT": "1 13", "PLTLIBER": null, "PLTFOLIO": null, "SECTION": null, "BLOCK": null, "LOT": "1", "MAP": "0041", "GRID": "0008", "PARCEL": "0079", "ZONING": "R", "ZNCHGDAT": null, "RZREALDAT": null, "CIUSE": null, "DESCCIUSE": null, "EXCLASS": "420", "DESCEXCL": "JUR Parks & Recreation", "LU": "E", "DESCLU": "Exempt", "ACRES": 1.22, "LANDAREA": 1.22, "LUOM": "A", "WIDTH": 0.0, "DEPTH": 0.0, "PFUW": "0", "PFUS": "2", "PFLW": "1", "PFSP": "0", "PFSU": "0", "PFIC": null, "PFIH": "0", "RECIND": "0", "PERMITTYP": null, "YEARBLT": "1976", "SQFTSTRC": 980, "STRUGRAD": "4", "DESCGRAD": "Codes range from lowest to highest quality 1-9", "STRUCNST": "0002", "DESCCNST": "CNST Frame", "STRUSTYL": "0001", "DESCSTYL": "STRY 1 Story No Basement", "STRUBLDG": "0001", "DESCBLDG": "DWEL Standard Unit", "LASTINSP": "201811", "LASTASSD": "202001", "ASSESSOR": null, "TRANSNO1": "80123", "GRNTNAM1": "STEENKEN,III OTTO HENRY & PATRICIA", "GR1CLRK1": "FDM", "GR1LIBR1": "00440", "GR1FOLO1": "0289", "CONVEY1": "4", "TRADATE": "20080131", "CONSIDR1": 385000, "MORTGAG1": 0, "NFMLNDVL": 200900, "NFMIMPVL": 90000, "NFMTTLVL": 290900, "CRTARCOD": null, "FCMACODE": null, "AGFNDAREA": 0.0, "AGFNDLUOM": null, "ENTZNDAT": null, "ENTZNASSM": 0, "PLNDEVDAT": null, "NPRCTSTDAT": null, "NPRCAREA": 0.0, "NPRCLUOM": null, "HOMQLCOD": null, "HOMQLDAT": null, "BLDG_STORY": null, "BLDG_UNITS": 0, "RESIDENT": 1, "RESI2010": 0, "RESI2000": 0, "RESI1990": 0, "RESIUTHS": 0, "APRTMENT": 0, "TRAILER": 0, "SPECIAL": 0, "OTHER": 1, "PTYPE": 2, "SDATWEBADR": "https://sdat.dat.maryland.gov/RealProperty/Pages/viewdetails.aspx?County=06&SearchType=ACCT&District=08&AccountNumber=008116", "EXISTING": "UPDT2017_18", "MDPVDATE": "2020JUN", "SDATDATE": "2022OCT", "POLYDATE": "2021OCT", "POLYACRES": 1.213, "POLYID": "06-0000000016027" }, "geometry": { "type": "MultiPolygon", "coordinates": [ [ [ [ -75.908153624161571, 38.804753136695332 ], [ -75.90817308728586, 38.804722669604161 ], [ -75.908739549275239, 38.803836060413495 ], [ -75.909044941123483, 38.804340789913624 ], [ -75.908735939294658, 38.804801377397204 ], [ -75.908568045629082, 38.805052451350221 ], [ -75.90856157378326, 38.805052525955219 ], [ -75.90853475561444, 38.805056473388831 ], [ -75.908512985004847, 38.805059368910747 ], [ -75.908472201219951, 38.805064789332029 ], [ -75.908415044080684, 38.805061975349439 ], [ -75.908402565151164, 38.805057327001713 ], [ -75.908398747612338, 38.805051723622498 ], [ -75.908402755693999, 38.805037319415625 ], [ -75.908409067256329, 38.805004026506893 ], [ -75.908424540211755, 38.804953629799421 ], [ -75.90842794606337, 38.804928904457256 ], [ -75.908426047317676, 38.804910751234303 ], [ -75.908419906244589, 38.804901234158329 ], [ -75.908400609265072, 38.804886918254134 ], [ -75.908378481667839, 38.804870981243418 ], [ -75.908335703327225, 38.804843427409118 ], [ -75.908301960680546, 38.804825084383069 ], [ -75.908256247657604, 38.804805737446138 ], [ -75.908198732312343, 38.804778910562213 ], [ -75.908153624161571, 38.804753136695332 ] ] ] ] } },
{ "type": "Feature", "properties": { "JURSCODE": "CARO", "ACCTID": "0608009376", "DIGXCORD": 494830.1, "DIGYCORD": 126831.5, "CT2020": "24011955400", "BG2020": "240119554001", "GEOGCODE": "81", "OOI": "N", "RESITYP": "SF", "ADDRESS": null, "STRTNUM": null, "STRTDIR": null, "STRTNAM": null, "STRTTYP": null, "STRTSFX": null, "STRTUNT": null, "ADDRTYP": null, "CITY": "PRESTON", "ZIPCODE": "21655", "OWNNAME1": "VALESKI ROBERT L", "OWNNAME2": "VALESKI PHYLLIS M", "NAMEKEY": "VALESKI ROBERT L", "OWNADD1": "1035 CLAPHAM RD", "OWNADD2": null, "OWNCITY": "MAGNOLIA", "OWNSTATE": "DE", "OWNERZIP": "19962", "OWNZIP2": "1321", "PREMSNUM": null, "PREMSDIR": null, "PREMSNAM": "GANEYS WHARF", "PREMSTYP": "RD", "PREMCITY": null, "PREMZIP": null, "PREMZIP2": null, "LEGAL1": "IMPS1.40 AC L-2", "LEGAL2": "GANEYS WHARF ROAD", "LEGAL3": "NEW HOPE SUB 79", "DR1CLERK": null, "DR1LIBER": "01450", "DR1FOLIO": "0235", "TOWNCODE": null, "DESCTOWN": null, "SUBDIVSN": null, "DSUBCODE": null, "DESCSUBD": null, "PLAT": "1 13", "PLTLIBER": null, "PLTFOLIO": null, "SECTION": null, "BLOCK": null, "LOT": "2", "MAP": "0041", "GRID": "0008", "PARCEL": "0079", "ZONING": "R", "ZNCHGDAT": null, "RZREALDAT": null, "CIUSE": null, "DESCCIUSE": null, "EXCLASS": null, "DESCEXCL": null, "LU": "R", "DESCLU": "Residential", "ACRES": 1.4, "LANDAREA": 1.4, "LUOM": "A", "WIDTH": 0.0, "DEPTH": 0.0, "PFUW": "0", "PFUS": "0", "PFLW": "1", "PFSP": "0", "PFSU": "0", "PFIC": null, "PFIH": "0", "RECIND": "0", "PERMITTYP": null, "YEARBLT": null, "SQFTSTRC": 0, "STRUGRAD": null, "DESCGRAD": null, "STRUCNST": null, "DESCCNST": null, "STRUSTYL": null, "DESCSTYL": null, "STRUBLDG": null, "DESCBLDG": null, "LASTINSP": "201811", "LASTASSD": "202001", "ASSESSOR": null, "TRANSNO1": null, "GRNTNAM1": "VALESKI ROBERT L", "GR1CLRK1": null, "GR1LIBR1": "00177", "GR1FOLO1": "0235", "CONVEY1": "4", "TRADATE": "20201116", "CONSIDR1": 0, "MORTGAG1": 0, "NFMLNDVL": 201800, "NFMIMPVL": 3500, "NFMTTLVL": 205300, "CRTARCOD": null, "FCMACODE": null, "AGFNDAREA": 0.0, "AGFNDLUOM": null, "ENTZNDAT": null, "ENTZNASSM": 0, "PLNDEVDAT": null, "NPRCTSTDAT": null, "NPRCAREA": 0.0, "NPRCLUOM": null, "HOMQLCOD": null, "HOMQLDAT": null, "BLDG_STORY": null, "BLDG_UNITS": 0, "RESIDENT": 0, "RESI2010": 0, "RESI2000": 0, "RESI1990": 0, "RESIUTHS": 1, "APRTMENT": 0, "TRAILER": 0, "SPECIAL": 0, "OTHER": 0, "PTYPE": 2, "SDATWEBADR": "https://sdat.dat.maryland.gov/RealProperty/Pages/viewdetails.aspx?County=06&SearchType=ACCT&District=08&AccountNumber=009376", "EXISTING": "UPDT2017_18", "MDPVDATE": "2020JUN", "SDATDATE": "2022OCT", "POLYDATE": "2021OCT", "POLYACRES": 1.394, "POLYID": "06-0000000016125" }, "geometry": { "type": "MultiPolygon", "coordinates": [ [ [ [ -75.907717967949225, 38.804507757873417 ], [ -75.907731264129453, 38.804487557639213 ], [ -75.908334592452505, 38.803571033621864 ], [ -75.908534399744042, 38.803497009452329 ], [ -75.908739549275239, 38.803836060413495 ], [ -75.90817308728586, 38.804722669604161 ], [ -75.908153624161571, 38.804753136695332 ], [ -75.908128410787555, 38.804738720340524 ], [ -75.908123799441256, 38.804736091559825 ], [ -75.907938703851016, 38.804636033364424 ], [ -75.907815775210025, 38.804562052707361 ], [ -75.907717967949225, 38.804507757873417 ] ] ] ] } },
{ "type": "Feature", "properties": { "JURSCODE": "CARO", "ACCTID": "0608009503", "DIGXCORD": 495129.4, "DIGYCORD": 126573.5, "CT2020": "24011955400", "BG2020": "240119554001", "GEOGCODE": "81", "OOI": "N", "RESITYP": "SF", "ADDRESS": "7064 DOGWOOD DR", "STRTNUM": "7064", "STRTDIR": null, "STRTNAM": "DOGWOOD", "STRTTYP": "DR", "STRTSFX": null, "STRTUNT": null, "ADDRTYP": "P", "CITY": "PRESTON", "ZIPCODE": "21655", "OWNNAME1": "HARRIS MARILYN F", "OWNNAME2": null, "NAMEKEY": "HARRIS MARILYN F", "OWNADD1": "114 RELIANCE AVE", "OWNADD2": null, "OWNCITY": "FEDERALSBURG", "OWNSTATE": "MD", "OWNERZIP": "21632", "OWNZIP2": null, "PREMSNUM": "7064", "PREMSDIR": null, "PREMSNAM": "DOGWOOD", "PREMSTYP": "DR", "PREMCITY": null, "PREMZIP": null, "PREMZIP2": null, "LEGAL1": "IMPS1.00 AC", "LEGAL2": "DOGWOOD DRIVE", "LEGAL3": "NW OF HARMONY", "DR1CLERK": null, "DR1LIBER": "01120", "DR1FOLIO": "0053", "TOWNCODE": null, "DESCTOWN": null, "SUBDIVSN": null, "DSUBCODE": null, "DESCSUBD": null, "PLAT": null, "PLTLIBER": null, "PLTFOLIO": null, "SECTION": null, "BLOCK": null, "LOT": null, "MAP": "0041", "GRID": "0009", "PARCEL": "0112", "ZONING": "R", "ZNCHGDAT": null, "RZREALDAT": null, "CIUSE": null, "DESCCIUSE": null, "EXCLASS": null, "DESCEXCL": null, "LU": "R", "DESCLU": "Residential", "ACRES": 1.0, "LANDAREA": 1.0, "LUOM": "A", "WIDTH": 0.0, "DEPTH": 0.0, "PFUW": "0", "PFUS": "2", "PFLW": "0", "PFSP": "0", "PFSU": "0", "PFIC": null, "PFIH": "0", "RECIND": "0", "PERMITTYP": null, "YEARBLT": "1996", "SQFTSTRC": 2016, "STRUGRAD": "3", "DESCGRAD": "Codes range from lowest to highest quality 1-9", "STRUCNST": "0001", "DESCCNST": "CNST Siding", "STRUSTYL": "0003", "DESCSTYL": "STRY 1.5 Story No Basement", "STRUBLDG": "0001", "DESCBLDG": "DWEL Standard Unit", "LASTINSP": "201811", "LASTASSD": "202001", "ASSESSOR": null, "TRANSNO1": "14654", "GRNTNAM1": "BACH MATTHEW J", "GR1CLRK1": "FDM", "GR1LIBR1": "00268", "GR1FOLO1": "0182", "CONVEY1": "1", "TRADATE": "20140814", "CONSIDR1": 200000, "MORTGAG1": 0, "NFMLNDVL": 65000, "NFMIMPVL": 130700, "NFMTTLVL": 195700, "CRTARCOD": null, "FCMACODE": null, "AGFNDAREA": 0.0, "AGFNDLUOM": null, "ENTZNDAT": null, "ENTZNASSM": 0, "PLNDEVDAT": null, "NPRCTSTDAT": null, "NPRCAREA": 0.0, "NPRCLUOM": null, "HOMQLCOD": null, "HOMQLDAT": null, "BLDG_STORY": null, "BLDG_UNITS": 0, "RESIDENT": 1, "RESI2010": 0, "RESI2000": 0, "RESI1990": 1, "RESIUTHS": 0, "APRTMENT": 0, "TRAILER": 0, "SPECIAL": 0, "OTHER": 1, "PTYPE": 2, "SDATWEBADR": "https://sdat.dat.maryland.gov/RealProperty/Pages/viewdetails.aspx?County=06&SearchType=ACCT&District=08&AccountNumber=009503", "EXISTING": "UPDT2017_18", "MDPVDATE": "2020JUN", "SDATDATE": "2022OCT", "POLYDATE": "2021OCT", "POLYACRES": 1.0, "POLYID": "06-0000000016135" }, "geometry": { "type": "MultiPolygon", "coordinates": [ [ [ [ -75.904208008321305, 38.801777105530462 ], [ -75.904911787554127, 38.801543419754992 ], [ -75.905114016224104, 38.801917576775352 ], [ -75.905185165713803, 38.802049210794962 ], [ -75.90448138253052, 38.802282889193179 ], [ -75.904208008321305, 38.801777105530462 ] ] ] ] } },
{ "type": "Feature", "properties": { "JURSCODE": "CARO", "ACCTID": "0608010242", "DIGXCORD": 494760.4, "DIGYCORD": 126908.3, "CT2020": "24011955400", "BG2020": "240119554001", "GEOGCODE": "81", "OOI": "N", "RESITYP": null, "ADDRESS": null, "STRTNUM": null, "STRTDIR": null, "STRTNAM": "GANEY'S WHARF", "STRTTYP": "RD", "STRTSFX": null, "STRTUNT": null, "ADDRTYP": null, "CITY": "PRESTON", "ZIPCODE": "21655", "OWNNAME1": "CO COMMISSIONERS OF CAROLINE CO", "OWNNAME2": null, "NAMEKEY": "CO COMMISSIONERS OF CAROL", "OWNADD1": null, "OWNADD2": null, "OWNCITY": "DENTON", "OWNSTATE": "MD", "OWNERZIP": "21629", "OWNZIP2": null, "PREMSNUM": null, "PREMSDIR": null, "PREMSNAM": "GANEY'S WHARF", "PREMSTYP": "RD", "PREMCITY": null, "PREMZIP": null, "PREMZIP2": null, "LEGAL1": "IMPS1.02 AC P-76 & 78", "LEGAL2": "ES GANEY'S WHARF RD", "LEGAL3": "NW OF HARMONY", "DR1CLERK": null, "DR1LIBER": "00151", "DR1FOLIO": "0347", "TOWNCODE": null, "DESCTOWN": null, "SUBDIVSN": null, "DSUBCODE": null, "DESCSUBD": null, "PLAT": null, "PLTLIBER": null, "PLTFOLIO": null, "SECTION": null, "BLOCK": null, "LOT": null, "MAP": "0041", "GRID": "0008", "PARCEL": "0076", "ZONING": "R", "ZNCHGDAT": null, "RZREALDAT": null, "CIUSE": null, "DESCCIUSE": null, "EXCLASS": "550", "DESCEXCL": "JUR Docks & Wharves", "LU": "E", "DESCLU": "Exempt", "ACRES": 1.02, "LANDAREA": 1.02, "LUOM": "A", "WIDTH": 0.0, "DEPTH": 0.0, "PFUW": "0", "PFUS": "0", "PFLW": "1", "PFSP": "0", "PFSU": "0", "PFIC": null, "PFIH": "0", "RECIND": "0", "PERMITTYP": null, "YEARBLT": null, "SQFTSTRC": 0, "STRUGRAD": null, "DESCGRAD": null, "STRUCNST": null, "DESCCNST": null, "STRUSTYL": null, "DESCSTYL": null, "STRUBLDG": null, "DESCBLDG": null, "LASTINSP": "201811", "LASTASSD": "202001", "ASSESSOR": null, "TRANSNO1": null, "GRNTNAM1": null, "GR1CLRK1": null, "GR1LIBR1": null, "GR1FOLO1": null, "CONVEY1": null, "TRADATE": null, "CONSIDR1": 0, "MORTGAG1": 0, "NFMLNDVL": 175000, "NFMIMPVL": 20400, "NFMTTLVL": 195400, "CRTARCOD": null, "FCMACODE": null, "AGFNDAREA": 0.0, "AGFNDLUOM": null, "ENTZNDAT": null, "ENTZNASSM": 0, "PLNDEVDAT": null, "NPRCTSTDAT": null, "NPRCAREA": 0.0, "NPRCLUOM": null, "HOMQLCOD": null, "HOMQLDAT": null, "BLDG_STORY": null, "BLDG_UNITS": 0, "RESIDENT": 0, "RESI2010": 0, "RESI2000": 0, "RESI1990": 0, "RESIUTHS": 0, "APRTMENT": 0, "TRAILER": 0, "SPECIAL": 0, "OTHER": 0, "PTYPE": 2, "SDATWEBADR": "https://sdat.dat.maryland.gov/RealProperty/Pages/viewdetails.aspx?County=06&SearchType=ACCT&District=08&AccountNumber=010242", "EXISTING": "UPDT2017_18", "MDPVDATE": "2020JUN", "SDATDATE": "2022OCT", "POLYDATE": "2021OCT", "POLYACRES": 0.835, "POLYID": "06-0000000016193" }, "geometry": { "type": "MultiPolygon", "coordinates": [ [ [ [ -75.908568045629082, 38.805052451350221 ], [ -75.908735939294658, 38.804801377397204 ], [ -75.909044941123483, 38.804340789913624 ], [ -75.909465362598056, 38.805079877047795 ], [ -75.909380321018759, 38.805095046510168 ], [ -75.909415538684044, 38.805215918345866 ], [ -75.909428305221581, 38.805273390032653 ], [ -75.909415477537749, 38.805274234128284 ], [ -75.909404329534354, 38.805272147922409 ], [ -75.909401422585461, 38.80526949007659 ], [ -75.909398818615799, 38.805262069211715 ], [ -75.909395309305637, 38.805249090236977 ], [ -75.909393620410924, 38.805230749801694 ], [ -75.909390777026999, 38.805223173543098 ], [ -75.909383025764356, 38.80521881273399 ], [ -75.9093649318676, 38.805213913809737 ], [ -75.909348163101569, 38.805208946185488 ], [ -75.909337487375353, 38.805201566995486 ], [ -75.909328480569201, 38.805192716890346 ], [ -75.909279382211594, 38.805128103677141 ], [ -75.909257518374446, 38.805126547936595 ], [ -75.909244865536678, 38.805131024343076 ], [ -75.909229084553203, 38.805138282368802 ], [ -75.909211972547524, 38.805142978355462 ], [ -75.909186805914644, 38.805145085487894 ], [ -75.909157710601377, 38.805142831487636 ], [ -75.90913249072004, 38.80513862268247 ], [ -75.909098334590396, 38.805129240149462 ], [ -75.909067761752183, 38.805119692904462 ], [ -75.909030967298875, 38.805108159521936 ], [ -75.908974858569039, 38.805084940836387 ], [ -75.908917255214888, 38.805057059416555 ], [ -75.908878650743944, 38.805039653100607 ], [ -75.908832166994799, 38.805021749662373 ], [ -75.908786804537002, 38.805009586523362 ], [ -75.908745493805711, 38.805008803802764 ], [ -75.90871319541948, 38.805014240596037 ], [ -75.908690463417557, 38.805024298459813 ], [ -75.908669740660201, 38.805048294278855 ], [ -75.908652139309027, 38.805060904668039 ], [ -75.908627270305132, 38.805063879343628 ], [ -75.908604875389045, 38.805058651780961 ], [ -75.908580378905711, 38.805052314448226 ], [ -75.908568045629082, 38.805052451350221 ] ] ] ] } },
{ "type": "Feature", "properties": { "JURSCODE": "CARO", "ACCTID": "0608011095", "DIGXCORD": 494843.5, "DIGYCORD": 126720.5, "CT2020": "24011955400", "BG2020": "240119554001", "GEOGCODE": "81", "OOI": "H", "RESITYP": "SF", "ADDRESS": "7095 GANEYS WHARF ROAD", "STRTNUM": "7095", "STRTDIR": null, "STRTNAM": "GANEYS WHARF", "STRTTYP": "RD", "STRTSFX": null, "STRTUNT": null, "ADDRTYP": "P", "CITY": "PRESTON", "ZIPCODE": "21655", "OWNNAME1": "GILL JOHN W", "OWNNAME2": "GILL CHRISTINE A", "NAMEKEY": "GILL JOHN W", "OWNADD1": "7095 GANEYS WHARF RD", "OWNADD2": null, "OWNCITY": "PRESTON", "OWNSTATE": "MD", "OWNERZIP": "21655", "OWNZIP2": "1816", "PREMSNUM": "7095", "PREMSDIR": null, "PREMSNAM": "GANEYS WHARF", "PREMSTYP": "RD", "PREMCITY": "PRESTON", "PREMZIP": "21655", "PREMZIP2": null, "LEGAL1": "IMPS1.00 AC L-1", "LEGAL2": "GANEYS WHARF ROAD", "LEGAL3": "NEW HOPE-WEST SECTION", "DR1CLERK": "FDM", "DR1LIBER": "00227", "DR1FOLIO": "0794", "TOWNCODE": null, "DESCTOWN": null, "SUBDIVSN": null, "DSUBCODE": null, "DESCSUBD": null, "PLAT": "5 343", "PLTLIBER": null, "PLTFOLIO": null, "SECTION": null, "BLOCK": null, "LOT": "1", "MAP": "0041", "GRID": "0008", "PARCEL": "0126", "ZONING": "R", "ZNCHGDAT": null, "RZREALDAT": null, "CIUSE": null, "DESCCIUSE": null, "EXCLASS": null, "DESCEXCL": null, "LU": "R", "DESCLU": "Residential", "ACRES": 1.0, "LANDAREA": 1.0, "LUOM": "A", "WIDTH": 0.0, "DEPTH": 0.0, "PFUW": "0", "PFUS": "2", "PFLW": "0", "PFSP": "0", "PFSU": "0", "PFIC": null, "PFIH": "0", "RECIND": "0", "PERMITTYP": "Z", "YEARBLT": "1980", "SQFTSTRC": 2089, "STRUGRAD": "3", "DESCGRAD": "Codes range from lowest to highest quality 1-9", "STRUCNST": "0013", "DESCCNST": "CNST Log", "STRUSTYL": "0005", "DESCSTYL": "STRY 2 Story No Basement", "STRUBLDG": "0001", "DESCBLDG": "DWEL Standard Unit", "LASTINSP": "201811", "LASTASSD": "202001", "ASSESSOR": null, "TRANSNO1": "86848", "GRNTNAM1": "TULAK, GARY STUART & JUDITH ANN", "GR1CLRK1": "MCB", "GR1LIBR1": "00199", "GR1FOLO1": "0615", "CONVEY1": "1", "TRADATE": "19861028", "CONSIDR1": 62500, "MORTGAG1": 64050, "NFMLNDVL": 65000, "NFMIMPVL": 114600, "NFMTTLVL": 179600, "CRTARCOD": null, "FCMACODE": null, "AGFNDAREA": 0.0, "AGFNDLUOM": null, "ENTZNDAT": null, "ENTZNASSM": 0, "PLNDEVDAT": null, "NPRCTSTDAT": null, "NPRCAREA": 0.0, "NPRCLUOM": null, "HOMQLCOD": "A", "HOMQLDAT": null, "BLDG_STORY": null, "BLDG_UNITS": 0, "RESIDENT": 1, "RESI2010": 0, "RESI2000": 0, "RESI1990": 0, "RESIUTHS": 0, "APRTMENT": 0, "TRAILER": 0, "SPECIAL": 0, "OTHER": 1, "PTYPE": 2, "SDATWEBADR": "https://sdat.dat.maryland.gov/RealProperty/Pages/viewdetails.aspx?County=06&SearchType=ACCT&District=08&AccountNumber=011095", "EXISTING": "UPDT2017_18", "MDPVDATE": "2020JUN", "SDATDATE": "2022OCT", "POLYDATE": "2021OCT", "POLYACRES": 1.001, "POLYID": "06-0000000016254" }, "geometry": { "type": "MultiPolygon", "coordinates": [ [ [ [ -75.907741233463511, 38.803523624392774 ], [ -75.907717088148985, 38.802715617794092 ], [ -75.908121364603787, 38.80277155554824 ], [ -75.908468462952726, 38.803341705181587 ], [ -75.908143476870848, 38.803460504785129 ], [ -75.908066870481576, 38.803485094719569 ], [ -75.907987601514662, 38.803503848769893 ], [ -75.907906409635203, 38.803516584660485 ], [ -75.907824044783197, 38.803523201296365 ], [ -75.907741233463511, 38.803523624392774 ] ] ] ] } },
{ "type": "Feature", "properties": { "JURSCODE": "CARO", "ACCTID": "0608011109", "DIGXCORD": 494936.4, "DIGYCORD": 126614.5, "CT2020": "24011955400", "BG2020": "240119554001", "GEOGCODE": "81", "OOI": "H", "RESITYP": "SF", "ADDRESS": "7061 GANEYS WHARF ROAD", "STRTNUM": "7061", "STRTDIR": null, "STRTNAM": "GANEYS WHARF", "STRTTYP": "RD", "STRTSFX": null, "STRTUNT": null, "ADDRTYP": "P", "CITY": "PRESTON", "ZIPCODE": "21655", "OWNNAME1": "PHILLIPS ROBERT J JR TRUSTEE", "OWNNAME2": "PHILLIPS SUSAN B TRUSTEE", "NAMEKEY": "PHILLIPS ROBERT J JR TRUS", "OWNADD1": "7061 GANEYS WHARF RD", "OWNADD2": null, "OWNCITY": "PRESTON", "OWNSTATE": "MD", "OWNERZIP": "21655", "OWNZIP2": "1816", "PREMSNUM": "7061", "PREMSDIR": null, "PREMSNAM": "GANEYS WHARF", "PREMSTYP": "RD", "PREMCITY": "PRESTON", "PREMZIP": "21655", "PREMZIP2": "1816", "LEGAL1": "IMPS1.92 AC L-2", "LEGAL2": "GANEYS WHARF ROAD", "LEGAL3": "NEW HOPE-WEST SECTION", "DR1CLERK": null, "DR1LIBER": "01391", "DR1FOLIO": "0091", "TOWNCODE": null, "DESCTOWN": null, "SUBDIVSN": null, "DSUBCODE": null, "DESCSUBD": null, "PLAT": "5 343", "PLTLIBER": null, "PLTFOLIO": null, "SECTION": null, "BLOCK": null, "LOT": "2", "MAP": "0041", "GRID": "0008", "PARCEL": "0126", "ZONING": "R", "ZNCHGDAT": null, "RZREALDAT": null, "CIUSE": null, "DESCCIUSE": null, "EXCLASS": null, "DESCEXCL": null, "LU": "R", "DESCLU": "Residential", "ACRES": 1.92, "LANDAREA": 1.92, "LUOM": "A", "WIDTH": 0.0, "DEPTH": 0.0, "PFUW": "0", "PFUS": "2", "PFLW": "0", "PFSP": "0", "PFSU": "0", "PFIC": null, "PFIH": "0", "RECIND": "0", "PERMITTYP": "RAP", "YEARBLT": "2004", "SQFTSTRC": 1808, "STRUGRAD": "4", "DESCGRAD": "Codes range from lowest to highest quality 1-9", "STRUCNST": "0001", "DESCCNST": "CNST Siding", "STRUSTYL": "0001", "DESCSTYL": "STRY 1 Story No Basement", "STRUBLDG": "0001", "DESCBLDG": "DWEL Standard Unit", "LASTINSP": "201811", "LASTASSD": "202001", "ASSESSOR": null, "TRANSNO1": null, "GRNTNAM1": "PHILLIPS  ROBERT J  JR", "GR1CLRK1": "FDM", "GR1LIBR1": "00534", "GR1FOLO1": "0659", "CONVEY1": "4", "TRADATE": "20191218", "CONSIDR1": 0, "MORTGAG1": 0, "NFMLNDVL": 69100, "NFMIMPVL": 203400, "NFMTTLVL": 272500, "CRTARCOD": null, "FCMACODE": null, "AGFNDAREA": 0.0, "AGFNDLUOM": null, "ENTZNDAT": null, "ENTZNASSM": 0, "PLNDEVDAT": null, "NPRCTSTDAT": null, "NPRCAREA": 0.0, "NPRCLUOM": null, "HOMQLCOD": "A", "HOMQLDAT": null, "BLDG_STORY": null, "BLDG_UNITS": 0, "RESIDENT": 1, "RESI2010": 0, "RESI2000": 1, "RESI1990": 0, "RESIUTHS": 0, "APRTMENT": 0, "TRAILER": 0, "SPECIAL": 0, "OTHER": 1, "PTYPE": 2, "SDATWEBADR": "https://sdat.dat.maryland.gov/RealProperty/Pages/viewdetails.aspx?County=06&SearchType=ACCT&District=08&AccountNumber=011109", "EXISTING": "UPDT2017_18", "MDPVDATE": "2020JUN", "SDATDATE": "2022OCT", "POLYDATE": "2021OCT", "POLYACRES": 1.925, "POLYID": "06-0000000016255" }, "geometry": { "type": "MultiPolygon", "coordinates": [ [ [ [ -75.905827713764197, 38.80226007945577 ], [ -75.907443300664013, 38.801657755784056 ], [ -75.907745115142959, 38.802153536440208 ], [ -75.906637822082914, 38.802566273205834 ], [ -75.906182240054264, 38.802344422854446 ], [ -75.905827713764197, 38.80226007945577 ] ] ] ] } },
{ "type": "Feature", "properties": { "JURSCODE": "CARO", "ACCTID": "0608011117", "DIGXCORD": 494982.6, "DIGYCORD": 126577.0, "CT2020": "24011955400", "BG2020": "240119554001", "GEOGCODE": "81", "OOI": "H", "RESITYP": "SF", "ADDRESS": "7049 GANEYS WHARF ROAD", "STRTNUM": "7049", "STRTDIR": null, "STRTNAM": "GANEYS WHARF", "STRTTYP": "RD", "STRTSFX": null, "STRTUNT": null, "ADDRTYP": "P", "CITY": "PRESTON", "ZIPCODE": "21655", "OWNNAME1": "STOKER WILLIAM", "OWNNAME2": null, "NAMEKEY": "STOKER WILLIAM", "OWNADD1": "7049 GANEY'S WHARF RD", "OWNADD2": null, "OWNCITY": "PRESTON", "OWNSTATE": "MD", "OWNERZIP": "21655", "OWNZIP2": "1816", "PREMSNUM": "7049", "PREMSDIR": null, "PREMSNAM": "GANEYS WHARF", "PREMSTYP": "RD", "PREMCITY": "PRESTON", "PREMZIP": "21655", "PREMZIP2": null, "LEGAL1": "IMPS2.73 AC L-3", "LEGAL2": "GANEYS WHARF ROAD", "LEGAL3": "NEW HOPE-WEST SECTION", "DR1CLERK": "FDM", "DR1LIBER": "00540", "DR1FOLIO": "0966", "TOWNCODE": null, "DESCTOWN": null, "SUBDIVSN": null, "DSUBCODE": null, "DESCSUBD": null, "PLAT": "5 343", "PLTLIBER": null, "PLTFOLIO": null, "SECTION": null, "BLOCK": null, "LOT": "3", "MAP": "0041", "GRID": "0008", "PARCEL": "0126", "ZONING": "R", "ZNCHGDAT": null, "RZREALDAT": null, "CIUSE": null, "DESCCIUSE": null, "EXCLASS": null, "DESCEXCL": null, "LU": "R", "DESCLU": "Residential", "ACRES": 2.73, "LANDAREA": 2.73, "LUOM": "A", "WIDTH": 0.0, "DEPTH": 0.0, "PFUW": "0", "PFUS": "2", "PFLW": "0", "PFSP": "0", "PFSU": "0", "PFIC": null, "PFIH": "0", "RECIND": "0", "PERMITTYP": null, "YEARBLT": "1983", "SQFTSTRC": 2048, "STRUGRAD": "3", "DESCGRAD": "Codes range from lowest to highest quality 1-9", "STRUCNST": "0007", "DESCCNST": "CNST Brick", "STRUSTYL": "0001", "DESCSTYL": "STRY 1 Story No Basement", "STRUBLDG": "0001", "DESCBLDG": "DWEL Standard Unit", "LASTINSP": "201811", "LASTASSD": "202001", "ASSESSOR": null, "TRANSNO1": "40565", "GRNTNAM1": "STOKER, WILLIAM JOSEPH AND", "GR1CLRK1": "FDM", "GR1LIBR1": "00509", "GR1FOLO1": "0236", "CONVEY1": "4", "TRADATE": "20040519", "CONSIDR1": 0, "MORTGAG1": 187300, "NFMLNDVL": 72700, "NFMIMPVL": 160700, "NFMTTLVL": 233400, "CRTARCOD": null, "FCMACODE": null, "AGFNDAREA": 0.0, "AGFNDLUOM": null, "ENTZNDAT": null, "ENTZNASSM": 0, "PLNDEVDAT": null, "NPRCTSTDAT": null, "NPRCAREA": 0.0, "NPRCLUOM": null, "HOMQLCOD": null, "HOMQLDAT": null, "BLDG_STORY": null, "BLDG_UNITS": 0, "RESIDENT": 1, "RESI2010": 0, "RESI2000": 0, "RESI1990": 0, "RESIUTHS": 0, "APRTMENT": 0, "TRAILER": 0, "SPECIAL": 0, "OTHER": 1, "PTYPE": 2, "SDATWEBADR": "https://sdat.dat.maryland.gov/RealProperty/Pages/viewdetails.aspx?County=06&SearchType=ACCT&District=08&AccountNumber=011117", "EXISTING": "UPDT2017_18", "MDPVDATE": "2020JUN", "SDATDATE": "2022OCT", "POLYDATE": "2021OCT", "POLYACRES": 2.734, "POLYID": "06-0000000016256" }, "geometry": { "type": "MultiPolygon", "coordinates": [ [ [ [ -75.905185165713803, 38.802049210794962 ], [ -75.905114016224104, 38.801917576775352 ], [ -75.907141490511862, 38.801161965303521 ], [ -75.907443300664013, 38.801657755784056 ], [ -75.905827713764197, 38.80226007945577 ], [ -75.905678481382054, 38.802224580264152 ], [ -75.905185165713803, 38.802049210794962 ] ] ] ] } },
{ "type": "Feature", "properties": { "JURSCODE": "CARO", "ACCTID": "0608011125", "DIGXCORD": 495034.9, "DIGYCORD": 126538.3, "CT2020": "24011955400", "BG2020": "240119554001", "GEOGCODE": "81", "OOI": "H", "RESITYP": "SF", "ADDRESS": "7019 GANEYS WHARF ROAD", "STRTNUM": "7019", "STRTDIR": null, "STRTNAM": "GANEYS WHARF", "STRTTYP": "RD", "STRTSFX": null, "STRTUNT": null, "ADDRTYP": "P", "CITY": "PRESTON", "ZIPCODE": "21655", "OWNNAME1": "HOLLAND KLAUS D", "OWNNAME2": null, "NAMEKEY": "HOLLAND KLAUS D", "OWNADD1": "7019 GANEYS WHARF ROAD", "OWNADD2": null, "OWNCITY": "PRESTON", "OWNSTATE": "MD", "OWNERZIP": "21655", "OWNZIP2": null, "PREMSNUM": "7019", "PREMSDIR": null, "PREMSNAM": "GANEYS WHARF", "PREMSTYP": "RD", "PREMCITY": "PRESTON", "PREMZIP": "21655", "PREMZIP2": null, "LEGAL1": "IMPS2.61 AC L-4", "LEGAL2": "GANEYS WHARF ROAD", "LEGAL3": "NEW HOPE-WEST SECTION", "DR1CLERK": "MCB", "DR1LIBER": "00200", "DR1FOLIO": "0245", "TOWNCODE": null, "DESCTOWN": null, "SUBDIVSN": null, "DSUBCODE": null, "DESCSUBD": null, "PLAT": "5 343", "PLTLIBER": null, "PLTFOLIO": null, "SECTION": null, "BLOCK": null, "LOT": "4", "MAP": "0041", "GRID": "0008", "PARCEL": "0126", "ZONING": "R", "ZNCHGDAT": null, "RZREALDAT": null, "CIUSE": null, "DESCCIUSE": null, "EXCLASS": null, "DESCEXCL": null, "LU": "R", "DESCLU": "Residential", "ACRES": 2.61, "LANDAREA": 2.61, "LUOM": "A", "WIDTH": 0.0, "DEPTH": 0.0, "PFUW": "0", "PFUS": "2", "PFLW": "0", "PFSP": "0", "PFSU": "0", "PFIC": null, "PFIH": "0", "RECIND": "0", "PERMITTYP": "RAP", "YEARBLT": "1979", "SQFTSTRC": 1260, "STRUGRAD": "3", "DESCGRAD": "Codes range from lowest to highest quality 1-9", "STRUCNST": "0001", "DESCCNST": "CNST Siding", "STRUSTYL": "0001", "DESCSTYL": "STRY 1 Story No Basement", "STRUBLDG": "0001", "DESCBLDG": "DWEL Standard Unit", "LASTINSP": "201811", "LASTASSD": "202001", "ASSESSOR": null, "TRANSNO1": "10219", "GRNTNAM1": "HOLLAND, KLAUS D", "GR1CLRK1": null, "GR1LIBR1": null, "GR1FOLO1": "0034", "CONVEY1": "1", "TRADATE": "19780411", "CONSIDR1": 12500, "MORTGAG1": 8600, "NFMLNDVL": 72200, "NFMIMPVL": 79500, "NFMTTLVL": 151700, "CRTARCOD": null, "FCMACODE": null, "AGFNDAREA": 0.0, "AGFNDLUOM": null, "ENTZNDAT": null, "ENTZNASSM": 0, "PLNDEVDAT": null, "NPRCTSTDAT": null, "NPRCAREA": 0.0, "NPRCLUOM": null, "HOMQLCOD": "A", "HOMQLDAT": null, "BLDG_STORY": null, "BLDG_UNITS": 0, "RESIDENT": 1, "RESI2010": 0, "RESI2000": 0, "RESI1990": 0, "RESIUTHS": 0, "APRTMENT": 0, "TRAILER": 0, "SPECIAL": 0, "OTHER": 1, "PTYPE": 2, "SDATWEBADR": "https://sdat.dat.maryland.gov/RealProperty/Pages/viewdetails.aspx?County=06&SearchType=ACCT&District=08&AccountNumber=011125", "EXISTING": "UPDT2017_18", "MDPVDATE": "2020JUN", "SDATDATE": "2022OCT", "POLYDATE": "2021OCT", "POLYACRES": 2.613, "POLYID": "06-0000000016257" }, "geometry": { "type": "MultiPolygon", "coordinates": [ [ [ [ -75.904911787554127, 38.801543419754992 ], [ -75.906155482291226, 38.800956938786911 ], [ -75.906824601718967, 38.800641392597505 ], [ -75.907141490511862, 38.801161965303521 ], [ -75.905114016224104, 38.801917576775352 ], [ -75.904911787554127, 38.801543419754992 ] ] ] ] } },
{ "type": "Feature", "properties": { "JURSCODE": "CARO", "ACCTID": "0608011133", "DIGXCORD": 494997.5, "DIGYCORD": 126438.2, "CT2020": "24011955400", "BG2020": "240119554001", "GEOGCODE": "81", "OOI": "H", "RESITYP": "SF", "ADDRESS": "7001 GANEYS WHARF ROAD", "STRTNUM": "7001", "STRTDIR": null, "STRTNAM": "GANEYS WHARF", "STRTTYP": "RD", "STRTSFX": null, "STRTUNT": null, "ADDRTYP": "P", "CITY": "PRESTON", "ZIPCODE": "21655", "OWNNAME1": "DOYLE DENIS J", "OWNNAME2": "DOYLE JANIS G", "NAMEKEY": "DOYLE DENIS J", "OWNADD1": "7001 GANEYS WHARF RD", "OWNADD2": null, "OWNCITY": "PRESTON", "OWNSTATE": "MD", "OWNERZIP": "21655", "OWNZIP2": "1816", "PREMSNUM": "7001", "PREMSDIR": null, "PREMSNAM": "GANEYS WHARF", "PREMSTYP": "RD", "PREMCITY": "PRESTON", "PREMZIP": "21655", "PREMZIP2": "1816", "LEGAL1": "IMPS1.06 AC L-5", "LEGAL2": "GANEYS WHARF ROAD", "LEGAL3": "NEW HOPE-WEST SECTION", "DR1CLERK": null, "DR1LIBER": "01228", "DR1FOLIO": "0291", "TOWNCODE": null, "DESCTOWN": null, "SUBDIVSN": null, "DSUBCODE": null, "DESCSUBD": null, "PLAT": "5 343", "PLTLIBER": null, "PLTFOLIO": null, "SECTION": null, "BLOCK": null, "LOT": "5", "MAP": "0041", "GRID": "0008", "PARCEL": "0126", "ZONING": "R", "ZNCHGDAT": null, "RZREALDAT": null, "CIUSE": null, "DESCCIUSE": null, "EXCLASS": null, "DESCEXCL": null, "LU": "R", "DESCLU": "Residential", "ACRES": 1.06, "LANDAREA": 1.06, "LUOM": "A", "WIDTH": 0.0, "DEPTH": 0.0, "PFUW": "0", "PFUS": "2", "PFLW": "0", "PFSP": "0", "PFSU": "0", "PFIC": null, "PFIH": "0", "RECIND": "0", "PERMITTYP": "Z", "YEARBLT": "2006", "SQFTSTRC": 2196, "STRUGRAD": "5", "DESCGRAD": "Codes range from lowest to highest quality 1-9", "STRUCNST": "0001", "DESCCNST": "CNST Siding", "STRUSTYL": "0003", "DESCSTYL": "STRY 1.5 Story No Basement", "STRUBLDG": "0001", "DESCBLDG": "DWEL Standard Unit", "LASTINSP": "201811", "LASTASSD": "202001", "ASSESSOR": null, "TRANSNO1": "160873", "GRNTNAM1": "LISTER  JENNIFER W", "GR1CLRK1": "FDM", "GR1LIBR1": "00621", "GR1FOLO1": "0399", "CONVEY1": "1", "TRADATE": "20161020", "CONSIDR1": 319000, "MORTGAG1": 0, "NFMLNDVL": 65200, "NFMIMPVL": 223000, "NFMTTLVL": 288200, "CRTARCOD": null, "FCMACODE": null, "AGFNDAREA": 0.0, "AGFNDLUOM": null, "ENTZNDAT": null, "ENTZNASSM": 0, "PLNDEVDAT": null, "NPRCTSTDAT": null, "NPRCAREA": 0.0, "NPRCLUOM": null, "HOMQLCOD": "A", "HOMQLDAT": null, "BLDG_STORY": null, "BLDG_UNITS": 0, "RESIDENT": 1, "RESI2010": 0, "RESI2000": 1, "RESI1990": 0, "RESIUTHS": 0, "APRTMENT": 0, "TRAILER": 0, "SPECIAL": 0, "OTHER": 1, "PTYPE": 2, "SDATWEBADR": "https://sdat.dat.maryland.gov/RealProperty/Pages/viewdetails.aspx?County=06&SearchType=ACCT&District=08&AccountNumber=011133", "EXISTING": "UPDT2017_18", "MDPVDATE": "2020JUN", "SDATDATE": "2022OCT", "POLYDATE": "2021OCT", "POLYACRES": 1.065, "POLYID": "06-0000000016258" }, "geometry": { "type": "MultiPolygon", "coordinates": [ [ [ [ -75.905764822244535, 38.80048475353599 ], [ -75.906447054594679, 38.800163035068188 ], [ -75.906773816159657, 38.800557978291955 ], [ -75.906824601718967, 38.800641392597505 ], [ -75.906155482291226, 38.800956938786911 ], [ -75.905764822244535, 38.80048475353599 ] ] ] ] } },
{ "type": "Feature", "properties": { "JURSCODE": "CARO", "ACCTID": "0608011141", "DIGXCORD": 495027.5, "DIGYCORD": 126384.4, "CT2020": "24011955400", "BG2020": "240119554001", "GEOGCODE": "81", "OOI": "H", "RESITYP": "SF", "ADDRESS": "6983 GANEYS WHARF ROAD", "STRTNUM": "6983", "STRTDIR": null, "STRTNAM": "GANEYS WHARF", "STRTTYP": "RD", "STRTSFX": null, "STRTUNT": null, "ADDRTYP": "P", "CITY": "PRESTON", "ZIPCODE": "21655", "OWNNAME1": "RADASKIEWICZ WILLIAM V", "OWNNAME2": null, "NAMEKEY": "RADASKIEWICZ WILLIAM V", "OWNADD1": "6983 GANEYS WHARF ROAD", "OWNADD2": null, "OWNCITY": "PRESTON", "OWNSTATE": "MD", "OWNERZIP": "21655", "OWNZIP2": null, "PREMSNUM": "6983", "PREMSDIR": null, "PREMSNAM": "GANEYS WHARF", "PREMSTYP": "RD", "PREMCITY": "PRESTON", "PREMZIP": "21655", "PREMZIP2": null, "LEGAL1": "IMPS1.08 AC L-6", "LEGAL2": "GANEYS WHARF ROAD", "LEGAL3": "NEW HOPE-WEST SECTION", "DR1CLERK": null, "DR1LIBER": "01356", "DR1FOLIO": "0079", "TOWNCODE": null, "DESCTOWN": null, "SUBDIVSN": null, "DSUBCODE": null, "DESCSUBD": null, "PLAT": "5 343", "PLTLIBER": null, "PLTFOLIO": null, "SECTION": null, "BLOCK": null, "LOT": "6", "MAP": "0041", "GRID": "0008", "PARCEL": "0126", "ZONING": "R", "ZNCHGDAT": null, "RZREALDAT": null, "CIUSE": null, "DESCCIUSE": null, "EXCLASS": null, "DESCEXCL": null, "LU": "R", "DESCLU": "Residential", "ACRES": 1.08, "LANDAREA": 1.08, "LUOM": "A", "WIDTH": 0.0, "DEPTH": 0.0, "PFUW": "0", "PFUS": "2", "PFLW": "0", "PFSP": "0", "PFSU": "0", "PFIC": null, "PFIH": "0", "RECIND": "0", "PERMITTYP": null, "YEARBLT": "1978", "SQFTSTRC": 1484, "STRUGRAD": "3", "DESCGRAD": "Codes range from lowest to highest quality 1-9", "STRUCNST": "0001", "DESCCNST": "CNST Siding", "STRUSTYL": "0001", "DESCSTYL": "STRY 1 Story No Basement", "STRUBLDG": "0001", "DESCBLDG": "DWEL Standard Unit", "LASTINSP": "201811", "LASTASSD": "202001", "ASSESSOR": null, "TRANSNO1": null, "GRNTNAM1": "RADASKIEWICZ  WILLIAM V", "GR1CLRK1": "FDM", "GR1LIBR1": "00229", "GR1FOLO1": "0069", "CONVEY1": "4", "TRADATE": "20190507", "CONSIDR1": 0, "MORTGAG1": 0, "NFMLNDVL": 65300, "NFMIMPVL": 119500, "NFMTTLVL": 184800, "CRTARCOD": null, "FCMACODE": null, "AGFNDAREA": 0.0, "AGFNDLUOM": null, "ENTZNDAT": null, "ENTZNASSM": 0, "PLNDEVDAT": null, "NPRCTSTDAT": null, "NPRCAREA": 0.0, "NPRCLUOM": null, "HOMQLCOD": "A", "HOMQLDAT": null, "BLDG_STORY": null, "BLDG_UNITS": 0, "RESIDENT": 1, "RESI2010": 0, "RESI2000": 0, "RESI1990": 0, "RESIUTHS": 0, "APRTMENT": 0, "TRAILER": 0, "SPECIAL": 0, "OTHER": 1, "PTYPE": 2, "SDATWEBADR": "https://sdat.dat.maryland.gov/RealProperty/Pages/viewdetails.aspx?County=06&SearchType=ACCT&District=08&AccountNumber=011141", "EXISTING": "UPDT2017_18", "MDPVDATE": "2020JUN", "SDATDATE": "2022OCT", "POLYDATE": "2021OCT", "POLYACRES": 1.08, "POLYID": "06-0000000016259" }, "geometry": { "type": "MultiPolygon", "coordinates": [ [ [ [ -75.905395850540188, 38.799847695129678 ], [ -75.905933055718137, 38.799743749383694 ], [ -75.906077105269276, 38.799715883196953 ], [ -75.906128593629475, 38.799778114824974 ], [ -75.906447054594679, 38.800163035068188 ], [ -75.905764822244535, 38.80048475353599 ], [ -75.905395850540188, 38.799847695129678 ] ] ] ] } },
{ "type": "Feature", "properties": { "JURSCODE": "CARO", "ACCTID": "0608011168", "DIGXCORD": 495097.8, "DIGYCORD": 126438.2, "CT2020": "24011955400", "BG2020": "240119554001", "GEOGCODE": "81", "OOI": "H", "RESITYP": "SF", "ADDRESS": "23080 GILPIN POINT ROAD", "STRTNUM": "23080", "STRTDIR": null, "STRTNAM": "GILPIN POINT", "STRTTYP": "RD", "STRTSFX": null, "STRTUNT": null, "ADDRTYP": "P", "CITY": "PRESTON", "ZIPCODE": "21655", "OWNNAME1": "HARRYMAN ANNA", "OWNNAME2": "HARRYMAN THOMAS F", "NAMEKEY": "HARRYMAN ANNA", "OWNADD1": "23080 GILPIN POINT RD", "OWNADD2": null, "OWNCITY": "PRESTON", "OWNSTATE": "MD", "OWNERZIP": "21655", "OWNZIP2": "1831", "PREMSNUM": "23080", "PREMSDIR": null, "PREMSNAM": "GILPIN POINT", "PREMSTYP": "RD", "PREMCITY": "PRESTON", "PREMZIP": "21655", "PREMZIP2": null, "LEGAL1": "IMPS4.37 AC L-7", "LEGAL2": "W/S GILPIN PT RD", "LEGAL3": "NEW HOPE-WEST SECTION", "DR1CLERK": null, "DR1LIBER": "01496", "DR1FOLIO": "0300", "TOWNCODE": null, "DESCTOWN": null, "SUBDIVSN": null, "DSUBCODE": null, "DESCSUBD": null, "PLAT": "5 343", "PLTLIBER": null, "PLTFOLIO": null, "SECTION": null, "BLOCK": null, "LOT": "7", "MAP": "0041", "GRID": "0008", "PARCEL": "0126", "ZONING": "R", "ZNCHGDAT": null, "RZREALDAT": null, "CIUSE": null, "DESCCIUSE": null, "EXCLASS": null, "DESCEXCL": null, "LU": "R", "DESCLU": "Residential", "ACRES": 4.37, "LANDAREA": 4.37, "LUOM": "A", "WIDTH": 0.0, "DEPTH": 0.0, "PFUW": "0", "PFUS": "2", "PFLW": "0", "PFSP": "0", "PFSU": "0", "PFIC": null, "PFIH": "0", "RECIND": "0", "PERMITTYP": null, "YEARBLT": "1978", "SQFTSTRC": 1526, "STRUGRAD": "3", "DESCGRAD": "Codes range from lowest to highest quality 1-9", "STRUCNST": "0001", "DESCCNST": "CNST Siding", "STRUSTYL": "0001", "DESCSTYL": "STRY 1 Story No Basement", "STRUBLDG": "0001", "DESCBLDG": "DWEL Standard Unit", "LASTINSP": "201811", "LASTASSD": "202001", "ASSESSOR": null, "TRANSNO1": null, "GRNTNAM1": "FISK  WILLIAM F", "GR1CLRK1": "FDM", "GR1LIBR1": "00460", "GR1FOLO1": "0487", "CONVEY1": "4", "TRADATE": "20210526", "CONSIDR1": 0, "MORTGAG1": 0, "NFMLNDVL": 80100, "NFMIMPVL": 100600, "NFMTTLVL": 180700, "CRTARCOD": null, "FCMACODE": null, "AGFNDAREA": 0.0, "AGFNDLUOM": null, "ENTZNDAT": null, "ENTZNASSM": 0, "PLNDEVDAT": null, "NPRCTSTDAT": null, "NPRCAREA": 0.0, "NPRCLUOM": null, "HOMQLCOD": "A", "HOMQLDAT": null, "BLDG_STORY": null, "BLDG_UNITS": 0, "RESIDENT": 1, "RESI2010": 0, "RESI2000": 0, "RESI1990": 0, "RESIUTHS": 0, "APRTMENT": 0, "TRAILER": 0, "SPECIAL": 0, "OTHER": 1, "PTYPE": 2, "SDATWEBADR": "https://sdat.dat.maryland.gov/RealProperty/Pages/viewdetails.aspx?County=06&SearchType=ACCT&District=08&AccountNumber=011168", "EXISTING": "UPDT2017_18", "MDPVDATE": "2020JUN", "SDATDATE": "2022OCT", "POLYDATE": "2021OCT", "POLYACRES": 4.413, "POLYID": "06-0000000016260" }, "geometry": { "type": "MultiPolygon", "coordinates": [ [ [ [ -75.904638413127259, 38.801037637045056 ], [ -75.904365042433227, 38.800531862665224 ], [ -75.904287937466464, 38.800062039540087 ], [ -75.905395850540188, 38.799847695129678 ], [ -75.905764822244535, 38.80048475353599 ], [ -75.906155482291226, 38.800956938786911 ], [ -75.904911787554127, 38.801543419754992 ], [ -75.904638413127259, 38.801037637045056 ] ] ] ] } },
{ "type": "Feature", "properties": { "JURSCODE": "CARO", "ACCTID": "0608011176", "DIGXCORD": 495204.7, "DIGYCORD": 126421.2, "CT2020": "24011955400", "BG2020": "240119554001", "GEOGCODE": "81", "OOI": "H", "RESITYP": "SF", "ADDRESS": "23116 GILPIN POINT ROAD", "STRTNUM": "23116", "STRTDIR": null, "STRTNAM": "GILPIN POINT", "STRTTYP": "RD", "STRTSFX": null, "STRTUNT": null, "ADDRTYP": "P", "CITY": "PRESTON", "ZIPCODE": "21655", "OWNNAME1": "BIVEN JOSHUA R", "OWNNAME2": "BIVEN PAMELA R", "NAMEKEY": "BIVEN JOSHUA R", "OWNADD1": "23116 GILPIN POINT RD", "OWNADD2": null, "OWNCITY": "PRESTON", "OWNSTATE": "MD", "OWNERZIP": "21655", "OWNZIP2": "1833", "PREMSNUM": "23116", "PREMSDIR": null, "PREMSNAM": "GILPIN POINT", "PREMSTYP": "RD", "PREMCITY": "PRESTON", "PREMZIP": "21655", "PREMZIP2": "1833", "LEGAL1": "IMPS1.03 AC L-8", "LEGAL2": "W/S GILPIN PT RD", "LEGAL3": "NEW HOPE-WEST SECTION", "DR1CLERK": null, "DR1LIBER": "01366", "DR1FOLIO": "0422", "TOWNCODE": null, "DESCTOWN": null, "SUBDIVSN": null, "DSUBCODE": null, "DESCSUBD": null, "PLAT": "5 343", "PLTLIBER": null, "PLTFOLIO": null, "SECTION": null, "BLOCK": null, "LOT": "8", "MAP": "0041", "GRID": "0008", "PARCEL": "0126", "ZONING": "R", "ZNCHGDAT": null, "RZREALDAT": null, "CIUSE": null, "DESCCIUSE": null, "EXCLASS": null, "DESCEXCL": null, "LU": "R", "DESCLU": "Residential", "ACRES": 1.03, "LANDAREA": 1.03, "LUOM": "A", "WIDTH": 0.0, "DEPTH": 0.0, "PFUW": "0", "PFUS": "2", "PFLW": "0", "PFSP": "0", "PFSU": "0", "PFIC": null, "PFIH": "0", "RECIND": "0", "PERMITTYP": "Z", "YEARBLT": "1989", "SQFTSTRC": 1880, "STRUGRAD": "4", "DESCGRAD": "Codes range from lowest to highest quality 1-9", "STRUCNST": "0001", "DESCCNST": "CNST Siding", "STRUSTYL": "0001", "DESCSTYL": "STRY 1 Story No Basement", "STRUBLDG": "0001", "DESCBLDG": "DWEL Standard Unit", "LASTINSP": "201811", "LASTASSD": "202001", "ASSESSOR": null, "TRANSNO1": null, "GRNTNAM1": "LYONS GANNON DOUGLAS", "GR1CLRK1": null, "GR1LIBR1": "01175", "GR1FOLO1": "0280", "CONVEY1": "1", "TRADATE": "20190719", "CONSIDR1": 232000, "MORTGAG1": 0, "NFMLNDVL": 65100, "NFMIMPVL": 166300, "NFMTTLVL": 231400, "CRTARCOD": null, "FCMACODE": null, "AGFNDAREA": 0.0, "AGFNDLUOM": null, "ENTZNDAT": null, "ENTZNASSM": 0, "PLNDEVDAT": null, "NPRCTSTDAT": null, "NPRCAREA": 0.0, "NPRCLUOM": null, "HOMQLCOD": null, "HOMQLDAT": null, "BLDG_STORY": null, "BLDG_UNITS": 0, "RESIDENT": 1, "RESI2010": 0, "RESI2000": 0, "RESI1990": 0, "RESIUTHS": 0, "APRTMENT": 0, "TRAILER": 0, "SPECIAL": 0, "OTHER": 1, "PTYPE": 2, "SDATWEBADR": "https://sdat.dat.maryland.gov/RealProperty/Pages/viewdetails.aspx?County=06&SearchType=ACCT&District=08&AccountNumber=011176", "EXISTING": "UPDT2017_18", "MDPVDATE": "2020JUN", "SDATDATE": "2022OCT", "POLYDATE": "2021OCT", "POLYACRES": 1.038, "POLYID": "06-0000000023393" }, "geometry": { "type": "MultiPolygon", "coordinates": [ [ [ [ -75.904287937466464, 38.800062039540087 ], [ -75.904365042433227, 38.800531862665224 ], [ -75.903661271653647, 38.80076552716374 ], [ -75.903387908918702, 38.800259750475561 ], [ -75.903549702552155, 38.800215342120175 ], [ -75.90371353998033, 38.800175781666312 ], [ -75.903879178667268, 38.800141120881875 ], [ -75.904287937466464, 38.800062039540087 ] ] ] ] } }
]
}
